PDB_ID,Resolution,Release_date,MHC_Name,Species,Epitope,TCR_Bound,TCR_Name,TRAV_gene,TRBV_gene,Docking_angle_deg,Incident_angle_deg,Buried_surface_area_A**2,Shape_complementarity,Affinity_Mutations_ATLAS
5BS0,2.4,3/2/2016,HLA-A*01:01,Human,ESDPIVAQY,TRUE,MAG-IC3,TRAV21,TRBV5-1,57.3,13,1991,0.67,0
1YDP,1.9,3/7/2005,HLA-G,,RIIPRHLQL,FALSE,,,,,,,,
2D31,3.2,3/13/2006,HLA-G,,RIIPRHLQL,FALSE,,,,,,,,
2DYP,2006-11-06,2.5,HLA-G,,RIIPRHLQL,TRUE,,,,,,,,
3KYN,2.4,2/22/2010,HLA-G,,KGPPAALTL,FALSE,,,,,,,,
3KYO,1.7,2/22/2010,HLA-G,,KLPAQFYIL,FALSE,,,,,,,,
6AEE,2019-07-30,3.3,HLA-G,,RIIPRHLQL,TRUE,,,,,,,,
6K60,2019-11-26,3.15,HLA-G,,RIIPRHLQL,TRUE,,,,,,,,
5IUE,2017-06-13,2.62,HLA-F,,LILRWEQD,TRUE,,,,,,,,
5KNM,2017-06-13,3.3,HLA-F,,ILRWEQ,TRUE,,,,,,,,
1MHE,2.85,3/22/1999,HLA-E,,VMAPRTVLL,FALSE,,,,,,,,
5BRZ,2.62,3/2/2016,HLA-A*01:01,Human,EVDPIGHLY,TRUE,MAG-IC3,TRAV21,TRBV5-1,57,13.8,1838.7,0.61,0
3BZE,2.5,4/28/2008,HLA-E,,VMAPRTLFL,FALSE,,,,,,,,
3BZF,2008-04-28,2.5,HLA-E,,VMAPRALLL,TRUE,,,,,,,,
7Q99,,,HLA-A*02,Human,NLSALGIFST,TRUE,Mel5,TRAV12-2,TRBV30,45.6,7.1,2048.5,0.66,0
7Q9A,,,HLA-A*02,Human,LLLGIGILVL,TRUE,Mel5,TRAV12-2,TRBV30,47.6,9.7,2006.6,0.69,0
6GGM,2.73,8/7/2018,HLA-E,,RFPAKAPLL,FALSE,,,,,,,,
6GH1,2.1,8/7/2018,HLA-E,,RLPAKAPLL,FALSE,,,,,,,,
6GH4,2.16,8/7/2018,HLA-E,,RQPAKAPLL,FALSE,,,,,,,,
6GHN,2.54,8/7/2018,HLA-E,,RLPAKAPLF,FALSE,,,,,,,,
6GL1,2.62,8/7/2018,HLA-E,,RMYSPTSIL,FALSE,,,,,,,,
7Q9B,,,HLA-A*02,Human,EAAGIGILTV,TRUE,Mel8,TRAV12-2,TRBV6-5,46.5,8.4,2101.6,0.65,0
1OGA,1.4,6/19/2003,HLA-A*02:01,Human,GILGFVFTL,TRUE,JM22,TRAV27,TRBV19,61.9,7.5,1564.3,0.63,0
7QPJ,1.54,8/3/2022,HLA-A*02:01,Human,GLYDGMEHL,TRUE,c756,TRAV12-2,TRBV6-6,34.1,11.1,2027.1,null,0
2BNQ,1.7,5/23/2005,HLA-A*02:01,Human,SLLMWITQV,TRUE,1G4,TRAV21,TRBV6-5,69.3,15.2,2082.5,0.75,1
5TEZ,1.7,9/27/2017,HLA-A*02:01,Human,GILGFVFTL,TRUE,F50,TRAV13-1,TRBV27,34.6,15.4,1777.4,0.62,0
7PDW,1.82,8/3/2022,HLA-A*02:01,Human,GLYDGMEHL,TRUE,c728,TRAV12-2,TRBV6-2,33.2,10.9,2048.8,0.66,0
2P5E,1.89,9/25/2007,HLA-A*02:01,Human,SLLMWITQC,TRUE,1G4*,TRAV21,TRBV6-5,66.3,17,2073.7,0.76,1
7P49,2.05,6/22/2022,HLA-E,,RMAATAQVL,FALSE,,,,,,,,
7P4B,1.72,7/27/2022,HLA-E,,IMYNYPAML,FALSE,,,,,,,,
7WJ2,2022-06-22,1.28,HLA-C*14,,LYNTVATL,TRUE,,,,,,,,
7WJ3,2022-06-22,1.56,HLA-C*14,,GAAL,TRUE,,,,,,,,
2BNR,1.9,5/23/2005,HLA-A*02:01,Human,SLLMWITQC,TRUE,1G4,TRAV21,TRBV6-5,69.4,15.5,2077.7,0.72,41
5C0C,1.97,5/4/2016,HLA-A*02:01,Human,RQFGPDWIVA,TRUE,1.00E+06,TRAV12-3,TRBV12-4,43.4,9.2,1666.8,0.58,0
5EU6,2.02,3/2/2016,HLA-A*02:01,Human,YLEPGPVTV,TRUE,PMEL17,TRAV21,TRBV7-3,47.5,10.9,1742.5,0.75,0
4NT6,2014-07-22,1.84,HLA-C*08,,GILGFVFTL,TRUE,,,,,,,,
6JTN,2020-04-14,1.9,HLA-C*08,,GADGVGKSAL,TRUE,,,,,,,,
6JTP,2020-04-14,1.9,HLA-C*08,,GADGVGKSA,TRUE,,,,,,,,
6ULI,1.88,5/26/2020,HLA-C*08,,GADGVGKSA,FALSE,,,,,,,,
6ULK,1.9,5/26/2020,HLA-C*08,,GADGVGKSAL,FALSE,,,,,,,,
5VGE,2.6,6/6/2017,HLA-C*07,,RYRPGTVAL,FALSE,,,,,,,,
6PA1,2020-12-16,3.01,HLA-C*07,,RYRPGTVAL,TRUE,,,,,,,,
6PAG,2020-12-16,2.5,HLA-C*07,,RYRPGTVAL,TRUE,,,,,,,,
5C0B,2.03,5/4/2016,HLA-A*02:01,Human,RQFGPDFPTI,TRUE,1.00E+06,TRAV12-3,TRBV12-4,44.7,9.6,1658.4,0.52,0
5W67,2.3,8/22/2017,HLA-C*06,,VRSRRALRL,FALSE,,,,,,,,
5W69,2.8,8/22/2017,HLA-C*06,,ARFNDLRFV,FALSE,,,,,,,,
5W6A,1.74,8/22/2017,HLA-C*06,,ARTELYRSL,FALSE,,,,,,,,
5YXN,2.03,12/12/2018,HLA-A*02:01,Human,KLVALGINAV,TRUE,NA,TRAV38-2/DV8,TRBV25-1,32,17.7,2195.2,0.64,0
5VGD,2.32,5/30/2017,HLA-C*05,,SAEPVPLQL,FALSE,,,,,,,,
6JTO,2020-04-14,1.7,HLA-C*05,,GADGVGKSAL,TRUE,,,,,,,,
7PBC,2.04,8/3/2022,HLA-A*02:01,Human,GLYDGMEHL,TRUE,c796,TRAV12-2,TRBV6-3,30.7,9.9,2026.8,0.67,0
4U1I,1.92,4/7/2015,HLA-B*81,,TPQDLNTML,FALSE,,,,,,,,
4U1L,2.06,4/7/2015,HLA-B*81,,RPQVPLRPM,FALSE,,,,,,,,
4U1S,1.76,4/7/2015,HLA-B*81,,FPRPWLHGL,FALSE,,,,,,,,
5IM7,2016-10-04,2.5,HLA-B*58,,QASQEVKNW,TRUE,,,,,,,,
5INC,2016-10-04,2.88,HLA-B*58,,QATQEVKNW,TRUE,,,,,,,,
5IND,2016-10-04,2.13,HLA-B*58,,QASQDVKNW,TRUE,,,,,,,,
5V5L,2,6/13/2017,HLA-B*58,,TSTLQEQIGW,FALSE,,,,,,,,
5VWH,1.65,10/2/2018,HLA-B*58,,LSSPVTKSW,FALSE,,,,,,,,
5VWJ,2018-10-02,2,HLA-B*58,,LTVQVARVW,TRUE,,,,,,,,
5ISZ,2.06,3/1/2017,HLA-A*02:01,Human,GILGFVFTL,TRUE,LS01,TRAV24,TRBV19,55.4,6.1,1944.1,0.71,0
2BVO,1.65,9/12/2005,HLA-B*57,,KAFSPEVIPMF,FALSE,,,,,,,,
2BVP,1.35,9/6/2005,HLA-B*57,,ISPRTLDAW,FALSE,,,,,,,,
2BVQ,2,9/6/2005,HLA-B*57,,KAFSPEVIPMF,FALSE,,,,,,,,
2HJK,2006-10-02,1.85,HLA-B*57,,KGFNPEVIPMF,TRUE,,,,,,,,
2HJL,2006-10-02,1.5,HLA-B*57,,KAFNPEIIPMF,TRUE,,,,,,,,
2RFX,2008-07-07,2.5,HLA-B*57,,LSSPVTKSF,TRUE,,,,,,,,
2YPK,2012-11-27,1.95,HLA-B*57,,KAFSPEVIPMF,TRUE,,,,,,,,
3UPR,2012-06-12,2,HLA-B*57,,HSITYLLPV,TRUE,,,,,,,,
3VH8,2011-10-25,1.8,HLA-B*57,,LSSPVTKSF,TRUE,,,,,,,,
3VRI,1.6,5/29/2012,HLA-B*57,,RVAQLEQVYI,FALSE,,,,,,,,
3VRJ,1.9,5/29/2012,HLA-B*57,,LTTKLTNTNI,FALSE,,,,,,,,
3WUW,2014-05-27,2,HLA-B*57,,LSSPVTKSF,TRUE,,,,,,,,
3X11,2014-12-23,2.15,HLA-B*57,,LSSPVTKSF,TRUE,,,,,,,,
3X12,2014-12-23,1.8,HLA-B*57,,LSSPVTKSF,TRUE,,,,,,,,
5B38,2016-03-29,2.3,HLA-B*57,,LSSPVTKSF,TRUE,,,,,,,,
5B39,2016-03-29,2.5,HLA-B*57,,LSSPVTKSF,TRUE,,,,,,,,
5T6W,2017-02-28,1.9,HLA-B*57,,SSTRGISQLW,TRUE,,,,,,,,
5T6X,2017-02-28,1.69,HLA-B*57,,TSTTSVASSW,TRUE,,,,,,,,
5T6Y,2017-02-28,1.76,HLA-B*57,,TSTFEDVKILAF,TRUE,,,,,,,,
5T6Z,2017-02-28,2,HLA-B*57,,TSTLQEQIGW,TRUE,,,,,,,,
5T70,2017-02-28,2.1,HLA-B*57,,TSNLQEQIGW,TRUE,,,,,,,,
5U98,2017-07-18,2,HLA-B*57,,VTTDIQVKV,TRUE,,,,,,,,
5V5M,2017-06-13,2.88,HLA-B*57,,TSTLQEQIGW,TRUE,,,,,,,,
5VUD,2018-10-02,2,HLA-B*57,,LSSPVTKSW,TRUE,,,,,,,,
5VUE,2018-10-02,1.8,HLA-B*57,,LTVQVARVW,TRUE,,,,,,,,
5VUF,2018-10-02,1.9,HLA-B*57,,LTVQVARVY,TRUE,,,,,,,,
5VVP,2018-10-02,2,HLA-B*57,,LSSPVTKSW,TRUE,,,,,,,,
5VWD,2018-10-02,1.8,HLA-B*57,,LTVQVARVW,TRUE,,,,,,,,
5VWF,2018-10-02,1.8,HLA-B*57,,LTVQVARVY,TRUE,,,,,,,,
6BXP,2018-03-13,1.45,HLA-B*57,,RVKEKYQHLW,TRUE,,,,,,,,
6BXQ,1.58,2/27/2018,HLA-B*57,,RVKEKYQHLW,FALSE,,,,,,,,
6D29,1.88,10/2/2018,HLA-B*57,,TSMSFVPRPW,FALSE,,,,,,,,
6D2B,2.04,10/2/2018,HLA-B*57,,LSDSTARDVTW,FALSE,,,,,,,,
6D2R,1.83,10/2/2018,HLA-B*57,,GSFDYSGVHLW,FALSE,,,,,,,,
6D2T,1.9,10/2/2018,HLA-B*57,,LALLTGVRW,FALSE,,,,,,,,
6V2O,1.27,5/19/2020,HLA-B*57,,ASLNLPAVSW,FALSE,,,,,,,,
6V2P,1.3,5/19/2020,HLA-B*57,,ASLNLPAVSW,FALSE,,,,,,,,
6V2Q,1.6,5/19/2020,HLA-B*57,,LSSPVTKSF,FALSE,,,,,,,,
6V3J,2020-05-19,1.98,HLA-B*57,,LSSPVTKSF,TRUE,,,,,,,,
7R7X,2.1,6/29/2022,HLA-B*57,,QASQEVKNW,FALSE,,,,,,,,
7R7Y,2022-06-29,1.6,HLA-B*57,,QATQEVKNW,TRUE,,,,,,,,
2F53,2.1,4/25/2006,HLA-A*02:01,Human,SLLMWITQC,TRUE,1G4*,TRAV21,TRBV6-5,65.9,16.5,1938.6,0.77,1
1A1M,1998-04-07,2.3,HLA-B*53,,TPYDINQML,TRUE,,,,,,,,
1A1O,1998-04-07,2.3,HLA-B*53,,KPIVQYDNF,TRUE,,,,,,,,
7R7V,1.6,6/29/2022,HLA-B*53,,QASQEVKNW,FALSE,,,,,,,,
7R7W,1.17,6/29/2022,HLA-B*53,,QATQEVKNW,FALSE,,,,,,,,
5D2N,2.1,10/7/2015,HLA-A*02:01,Human,NLVPMVATV,TRUE,C25,TRAV26-2,TRBV7-6,60.4,9.4,1837.7,0.69,1
1E27,2000-09-11,2.2,HLA-B*51,,LPPVVAKEI,TRUE,,,,,,,,
1E28,2000-09-11,3,HLA-B*51,,TAFTIPSI,TRUE,,,,,,,,
3W39,3.1,2/12/2013,HLA-B*51,,TAFTIPSI,FALSE,,,,,,,,
4LCY,1.6,6/24/2014,HLA-B*46,,FTMRLLSPV,FALSE,,,,,,,,
5EUO,2.1,11/23/2016,HLA-A*02:01,Human,GILGFVFTL,TRUE,PF6,TRAV27,TRBV19,64.4,2.3,1786.7,0.55,0
6TMO,2.1,10/7/2020,HLA-A*02:01,Human,EAAGIGILTV,TRUE,a24b17,TRAV12-2,TRBV30,42.6,10.8,2307.5,0.67,0
5C07,2.11,5/4/2016,HLA-A*02:01,Human,YQFGPDFPIA,TRUE,1.00E+06,TRAV12-3,TRBV12-4,43.3,9.7,1612.2,0.58,0
1M6O,2003-09-01,1.6,HLA-B*44,,EEFGRAFSF,TRUE,,,,,,,,
1N2R,2004-03-15,1.7,HLA-B*44,,EEFGRAFSF,TRUE,,,,,,,,
1SYS,2.4,10/18/2004,HLA-B*44,,EEPTVIKKY,FALSE,,,,,,,,
1SYV,1.7,10/18/2004,HLA-B*44,,EEFGRAFSF,FALSE,,,,,,,,
3DX6,2009-01-26,1.7,HLA-B*44,,EENLLDFVRF,TRUE,,,,,,,,
3DX7,2009-01-26,1.6,HLA-B*44,,EENLLDFVRF,TRUE,,,,,,,,
3DX8,2009-01-26,2.1,HLA-B*44,,EENLLDFVRF,TRUE,,,,,,,,
3KPL,2009-12-21,1.96,HLA-B*44,,EEYLQAFTY,TRUE,,,,,,,,
3KPM,2009-12-21,1.6,HLA-B*44,,EEYLKAWTF,TRUE,,,,,,,,
3KPN,2009-12-21,2,HLA-B*44,,EEYLQAFTY,TRUE,,,,,,,,
3KPO,2.3,12/21/2009,HLA-B*44,,EEYLKAWTF,FALSE,,,,,,,,
3KPP,2009-12-21,1.9,HLA-B*44,,EEYLQAFTY,TRUE,,,,,,,,
3KPQ,2009-12-21,1.84,HLA-B*44,,EEYLKAWTF,TRUE,,,,,,,,
3L3D,2010-03-15,1.8,HLA-B*44,,EEAGRAFSF,TRUE,,,,,,,,
3L3G,2010-03-15,2.1,HLA-B*44,,EEFGAAFSF,TRUE,,,,,,,,
3L3I,2010-03-15,1.7,HLA-B*44,,EEFGRAASF,TRUE,,,,,,,,
3L3J,2010-03-15,2.4,HLA-B*44,,EEAGAAFSF,TRUE,,,,,,,,
3L3K,2010-03-15,2.6,HLA-B*44,,EEFGAAASF,TRUE,,,,,,,,
4JQX,2013-06-25,1.9,HLA-B*44,,EECDSELEIKRY,TRUE,,,,,,,,
6MTL,2019-02-12,1.35,HLA-B*44,,FEDLRVLSF,TRUE,,,,,,,,
7TUC,1.25,9/7/2022,HLA-B*44,,EEFGRAFSF,FALSE,,,,,,,,
6AMU,2.15,8/15/2018,HLA-A*02:01,Human,MMWDRGLGMM,TRUE,DMF5,TRAV12-2,TRBV6-4,35.8,6.4,1713.8,0.72,0
4U1J,1.38,4/7/2015,HLA-B*42,,TPQDLNTML,FALSE,,,,,,,,
4U1M,1.18,4/7/2015,HLA-B*42,,RPQVPLRPM,FALSE,,,,,,,,
4U1N,1.77,4/7/2015,HLA-B*42,,RPQVPLRPM,FALSE,,,,,,,,
3LN4,2010-10-19,1.3,HLA-B*41,,AEMYGSVTEHPSPSPL,TRUE,,,,,,,,
3LN5,2010-10-19,1.9,HLA-B*41,,HEEAVSVDRVL,TRUE,,,,,,,,
5IEH,1.5,12/6/2016,HLA-B*40,,REFSKEPEL,FALSE,,,,,,,,
5IEK,1.8,12/6/2016,HLA-B*40,,REFSKEPEL,FALSE,,,,,,,,
6IEX,2.31,9/17/2019,HLA-B*40,,GETALALLLL,FALSE,,,,,,,,
4O2C,2014-07-22,1.8,HLA-B*39,,XSHVAVENAL,TRUE,,,,,,,,
4O2E,2014-07-22,1.98,HLA-B*39,,SHVAVENAL,TRUE,,,,,,,,
4O2F,2014-07-22,1.9,HLA-B*39,,HVAVENAL,TRUE,,,,,,,,
2P5W,2.2,9/25/2007,HLA-A*02:01,Human,SLLMWITQC,TRUE,1G4*,TRAV21,TRBV6-5,65.7,16.8,2073.8,0.78,1
6MT4,1.55,2/12/2019,HLA-B*37,,FEDLRVSSF,FALSE,,,,,,,,
6MT5,1.55,2/12/2019,HLA-B*37,,FEDLRLLSF,FALSE,,,,,,,,
6MT6,1.31,2/12/2019,HLA-B*37,,FEDLRVLSF,FALSE,,,,,,,,
2PYE,2.3,9/25/2007,HLA-A*02:01,Human,SLLMWITQC,TRUE,1G4*,TRAV21,TRBV6-5,65.4,16.5,1912.4,0.75,0
2VLR,2.3,1/22/2008,HLA-A*02:01,Human,GILGFVFTL,TRUE,JM22*,TRAV27,TRBV19,60.6,5.2,1591.1,0.62,1
3QDJ,2.3,7/6/2011,HLA-A*02:01,Human,AAGIGILTV,TRUE,DMF5,TRAV12-2,TRBV6-4,33,4.9,2142.7,0.65,22
6R2L,2.3,2/26/2020,HLA-A*02:01,Human,SLSKILDTV,TRUE,NYBR,TRAV22,TRBV11-2,61.5,39.5,2528,0.69,0
5C08,2.33,5/4/2016,HLA-A*02:01,Human,RQWGPDPAAV,TRUE,1.00E+06,TRAV12-3,TRBV12-4,43.6,10.6,1569,0.61,0
6D78,2.35,4/3/2019,HLA-A*02:01,Human,AAGIGILTV,TRUE,DMF5,TRAV12-2,TRBV6-4,31.9,1.6,2161.5,0.61,0
6AM5,2.39,8/8/2018,HLA-A*02:01,Human,SMLGIGIVPV,TRUE,DMF5,TRAV12-2,TRBV6-4,32.2,5.6,2061.2,0.63,0
2VLJ,2.4,1/22/2008,HLA-A*02:01,Human,GILGFVFTL,TRUE,JM22,TRAV27,TRBV19,60.6,4.4,1507.3,0.6,23
4JFF,2.43,5/29/2013,HLA-A*02:01,Human,ELAGIGILTV,TRUE,a24b17,TRAV12-2,TRBV30,42.2,10.8,2374.4,0.66,8
4JFD,2.46,5/29/2013,HLA-A*02:01,Human,ELAAIGILTV,TRUE,a24b17,TRAV12-2,TRBV30,41.9,10.5,2335.6,0.62,1
5C0A,2.46,5/4/2016,HLA-A*02:01,Human,MVWGPDPLYV,TRUE,1.00E+06,TRAV12-3,TRBV12-4,45.5,7.8,1347.1,0.67,0
5JHD,2.46,3/1/2017,HLA-A*02:01,Human,GILGFVFTL,TRUE,LS10,TRAV38-2/DV8,TRBV19,47.1,9,2061.6,0.64,0
6VRN,2.46,6/17/2020,HLA-A*02:01,Human,HMTEVVRHC,TRUE,38-10,TRAV38-1,TRBV10-3,33.9,26.8,1730.8,0.64,0
5C09,2.48,5/4/2016,HLA-A*02:01,Human,YLGGPDFPTI,TRUE,1.00E+06,TRAV12-3,TRBV12-4,44,9.2,1501.3,0.56,0
1BD2,2.5,8/19/1998,HLA-A*02:01,Human,LLFGYPVYV,TRUE,B7,TRAV29/DV5,TRBV6-5,48.5,11.8,1871.4,0.64,22
2VLK,2.5,1/22/2008,HLA-A*02:01,Human,GILGFVFTL,TRUE,JM22,TRAV27,TRBV19,61.5,4.2,1582.4,0.61,0
1A1N,1998-04-07,2,HLA-B*35,,VPLRPMTY,TRUE,,,,,,,,
1A9B,3.2,10/20/1998,HLA-B*35,,LPPLDITPY,FALSE,,,,,,,,
1A9E,2.5,10/20/1998,HLA-B*35,,LPPLDITPY,FALSE,,,,,,,,
1CG9,2.7,11/17/2003,HLA-B*35,,LPPLDITPY,FALSE,,,,,,,,
1XH3,2004-11-22,1.48,HLA-B*35,,LPAVVGLSPGEQEY,TRUE,,,,,,,,
1ZHK,2005-05-16,1.6,HLA-B*35,,LPEPLPQGQLTAY,TRUE,,,,,,,,
1ZHL,2005-05-16,1.5,HLA-B*35,,LPEPLPQGQLTAY,TRUE,,,,,,,,
1ZSD,2005-06-06,1.7,HLA-B*35,,EPLPQGQLTAY,TRUE,,,,,,,,
2AXF,2005-11-28,1.8,HLA-B*35,,APQPAPENAY,TRUE,,,,,,,,
2AXG,2005-11-28,2,HLA-B*35,,APQPAPENAY,TRUE,,,,,,,,
2CIK,2006-10-24,1.75,HLA-B*35,,KPIVVLHGY,TRUE,,,,,,,,
2FYY,2006-12-25,1.5,HLA-B*35,,HPVGEADYFEY,TRUE,,,,,,,,
2FZ3,2006-12-25,1.9,HLA-B*35,,HPVGEADYFEY,TRUE,,,,,,,,
2H6P,2006-09-18,1.9,HLA-B*35,,KPIVVLHGY,TRUE,,,,,,,,
2NW3,2007-02-26,1.7,HLA-B*35,,EPLPQGQLTAY,TRUE,,,,,,,,
3BW9,1.75,4/21/2008,HLA-B*35,,CPSQEPMSIYVY,FALSE,,,,,,,,
3BWA,1.3,4/21/2008,HLA-B*35,,FPTKDVAL,FALSE,,,,,,,,
3KWW,2010-06-08,2.18,HLA-B*35,,LPEPLPQGQLTAY,TRUE,,,,,,,,
3LKN,2,7/6/2010,HLA-B*35,,LPFERATIM,FALSE,,,,,,,,
3LKO,1.8,7/6/2010,HLA-B*35,,LPFDRTTIM,FALSE,,,,,,,,
3LKP,1.8,7/6/2010,HLA-B*35,,LPFDKSTIM,FALSE,,,,,,,,
3LKQ,1.8,7/6/2010,HLA-B*35,,LPFDKTTIM,FALSE,,,,,,,,
3LKR,2,7/6/2010,HLA-B*35,,LPFERATVM,FALSE,,,,,,,,
3LKS,1.9,7/6/2010,HLA-B*35,,LPFEKSTVM,FALSE,,,,,,,,
3VFM,1.9,3/6/2012,HLA-B*35,,LPEPLPQGQLTAY,FALSE,,,,,,,,
3VFN,2012-03-06,1.5,HLA-B*35,,LPEPLPQGQLTAY,TRUE,,,,,,,,
3VFO,2012-03-06,1.7,HLA-B*35,,LPEPLPQGQLTAY,TRUE,,,,,,,,
3VFP,2012-03-06,1.85,HLA-B*35,,LPEPLPQGQLTAY,TRUE,,,,,,,,
3VFR,1.85,3/6/2012,HLA-B*35,,LPEALPQGQLTAY,FALSE,,,,,,,,
3VFS,2012-02-21,1.85,HLA-B*35,,LPEPAPQGQLTAY,TRUE,,,,,,,,
3VFT,1.95,2/21/2012,HLA-B*35,,LPEPLAQGQLTAY,FALSE,,,,,,,,
3VFU,1.65,2/21/2012,HLA-B*35,,LPEPLPAGQLTAY,FALSE,,,,,,,,
3VFV,1.55,2/21/2012,HLA-B*35,,LPEPLPQGALTAY,FALSE,,,,,,,,
3VFW,2012-02-21,2.3,HLA-B*35,,LPEPLPQGQATAY,TRUE,,,,,,,,
4LNR,2014-07-22,2,HLA-B*35,,RPQVPLRPMTY,TRUE,,,,,,,,
4PR5,2014-04-15,1.8,HLA-B*35,,HPVGDADYFEY,TRUE,,,,,,,,
4PRA,2014-04-15,1.85,HLA-B*35,,HPVGQADYFEY,TRUE,,,,,,,,
4PRB,2014-04-15,1.75,HLA-B*35,,HPVAEADYFEY,TRUE,,,,,,,,
4PRD,2014-04-15,1.75,HLA-B*35,,HPVGDADYFEY,TRUE,,,,,,,,
4PRE,2014-04-15,1.65,HLA-B*35,,HPVGQADYFEY,TRUE,,,,,,,,
4PRN,2014-04-15,1.65,HLA-B*35,,HPVAEADYFEY,TRUE,,,,,,,,
5XOS,2017-06-13,1.7,HLA-B*35,,IPLTEEAEL,TRUE,,,,,,,,
7M8U,1.45,6/23/2021,HLA-B*35,,IPFAMQMAY,FALSE,,,,,,,,
7SIF,2022-11-23,1.73,HLA-B*35,,NPDIVIYQY,TRUE,,,,,,,,
7SIG,1.74,11/23/2022,HLA-B*35,,NPDIVIYQY,FALSE,,,,,,,,
7SIH,2022-11-23,1.9,HLA-B*35,,NPDIVIYQY,TRUE,,,,,,,,
5HHM,2.5,3/23/2016,HLA-A*02:01,Human,GILGLVFTL,TRUE,JM22,TRAV27,TRBV19,63.3,4.8,1497.3,0.65,0
5JZI,2.5,5/31/2017,HLA-A*02:01,Human,KLVALGINAV,TRUE,1406,TRAV38-2/DV8,TRBV25-1,30,17.2,2116.1,0.63,0
1HSA,1992-10-14,2.1,HLA-B*27,,ARAAAAAAA,TRUE,,,,,,,,
1JGD,1.9,6/30/2003,HLA-B*27,,RRLLRGHNQY,FALSE,,,,,,,,
1JGE,2.1,10/29/2002,HLA-B*27,,GRFAAAIAK,FALSE,,,,,,,,
1K5N,1.09,10/29/2002,HLA-B*27,,GRFAAAIAK,FALSE,,,,,,,,
1OF2,2.2,1/28/2004,HLA-B*27,,RRKWRRWHL,FALSE,,,,,,,,
1OGT,1.47,1/28/2004,HLA-B*27,,RRKWRRWHL,FALSE,,,,,,,,
1UXS,1.55,11/8/2004,HLA-B*27,,RRRWRRLTV,FALSE,,,,,,,,
1UXW,1.71,11/8/2004,HLA-B*27,,RRRWRRLTV,FALSE,,,,,,,,
1W0V,2.27,3/6/2005,HLA-B*27,,RRLPIFSRL,FALSE,,,,,,,,
1W0W,2.11,3/6/2005,HLA-B*27,,RRLPIFSRL,FALSE,,,,,,,,
2A83,1.4,12/26/2005,HLA-B*27,,RRRWHRWRL,FALSE,,,,,,,,
2BSR,2.3,5/23/2005,HLA-B*27,,RRIYDLIEL,FALSE,,,,,,,,
2BSS,2,5/23/2005,HLA-B*27,,KRWIILGLNK,FALSE,,,,,,,,
2BST,2.1,5/23/2005,HLA-B*27,,SRYWAIRTR,FALSE,,,,,,,,
3B3I,1.86,7/21/2008,HLA-B*27,,RRKWRRWHL,FALSE,,,,,,,,
3B6S,1.8,7/21/2008,HLA-B*27,,RRKWRRWHL,FALSE,,,,,,,,
3BP4,1.85,12/22/2008,HLA-B*27,,IRAAPPPLF,FALSE,,,,,,,,
3BP7,1.8,12/22/2008,HLA-B*27,,IRAAPPPLF,FALSE,,,,,,,,
3CZF,1.2,4/6/2009,HLA-B*27,,RRRWHRWRL,FALSE,,,,,,,,
3D18,1.74,5/4/2009,HLA-B*27,,RRRWRRLTL,FALSE,,,,,,,,
3DTX,2.1,5/4/2009,HLA-B*27,,RRKWRRWHL,FALSE,,,,,,,,
3HCV,1.95,6/8/2009,HLA-B*27,,RRKWRRWHL,FALSE,,,,,,,,
3LV3,1.94,11/23/2010,HLA-B*27,,SRRWRRWNR,FALSE,,,,,,,,
4G8I,2013-03-19,1.6,HLA-B*27,,KRWIIMGLNK,TRUE,,,,,,,,
4G9D,2013-03-19,1.6,HLA-B*27,,KRWIILGLNK,TRUE,,,,,,,,
5DEF,1.6,11/17/2015,HLA-B*27,,RRKWRRWHL,FALSE,,,,,,,,
5DEG,1.83,11/17/2015,HLA-B*27,,RRKWRRWHL,FALSE,,,,,,,,
5IB1,1.91,1/31/2017,HLA-B*27,,RRKWRRWHL,FALSE,,,,,,,,
5IB2,1.44,1/31/2017,HLA-B*27,,RRKWRRWHL,FALSE,,,,,,,,
5IB3,1.91,1/31/2017,HLA-B*27,,RRKWRRWHL,FALSE,,,,,,,,
5IB4,1.95,1/31/2017,HLA-B*27,,RRKWRRWHL,FALSE,,,,,,,,
5IB5,2.49,1/31/2017,HLA-B*27,,RRKWRRWHL,FALSE,,,,,,,,
6PYJ,2019-12-03,1.44,HLA-B*27,,LRNQSVFNF,TRUE,,,,,,,,
6PYL,1.52,11/26/2019,HLA-B*27,,KRWIILGLNK,FALSE,,,,,,,,
6PYV,2019-11-26,1.45,HLA-B*27,,LRNQSVFNF,TRUE,,,,,,,,
6PYW,1.38,11/26/2019,HLA-B*27,,LRNQSVFNF,FALSE,,,,,,,,
6PZ5,2019-11-26,1.53,HLA-B*27,,LRNQSVFNF,TRUE,,,,,,,,
6VPZ,2.1,2/10/2021,HLA-B*27,,KRWIILGLNKI,FALSE,,,,,,,,
6VQ2,2.25,2/10/2021,HLA-B*27,,KRWIILGLNKIVRM,FALSE,,,,,,,,
6VQD,1.88,2/10/2021,HLA-B*27,,KRWIILGL,FALSE,,,,,,,,
6VQE,1.77,2/10/2021,HLA-B*27,,KRWIILGLNKIVR,FALSE,,,,,,,,
6VQY,2021-02-10,2.57,HLA-B*27,,KRWIILG,TRUE,,,,,,,,
6VQZ,2021-02-10,2.25,HLA-B*27,,KRWIIL,TRUE,,,,,,,,
6Y26,1.2,12/23/2020,HLA-B*27,,GRLNAPIKV,FALSE,,,,,,,,
6Y27,1.38,12/23/2020,HLA-B*27,,GRLNAPIKV,FALSE,,,,,,,,
6Y28,1.69,12/23/2020,HLA-B*27,,GRLNEPIKV,FALSE,,,,,,,,
6Y29,1.28,12/23/2020,HLA-B*27,,GRLNEPIKV,FALSE,,,,,,,,
6Y2A,1.25,12/23/2020,HLA-B*27,,GRLNQPIKV,FALSE,,,,,,,,
6Y2B,1.37,12/23/2020,HLA-B*27,,GRLNQPIKV,FALSE,,,,,,,,
7ALO,1.8,6/16/2021,HLA-B*27,,RRKWRRWXL,FALSE,,,,,,,,
7CIQ,1.59,3/9/2022,HLA-B*27,,RRFSRSPIRR,FALSE,,,,,,,,
7CIR,1.81,3/9/2022,HLA-B*27,,RRFSRSPIRR,FALSE,,,,,,,,
7CIS,2.1,3/9/2022,HLA-B*27,,RRFSRSPIR,FALSE,,,,,,,,
7DYN,2,3/9/2022,HLA-B*27,,RRFSRSPIRR,FALSE,,,,,,,,
6RPB,2.5,1/15/2020,HLA-A*02:01,Human,SLLMWITQV,TRUE,NYE_S1,TRAV12-2,TRBV6-5,69.9,23.4,1829.2,0.73,0
5E9D,2.51,6/8/2016,HLA-A*02:01,Human,ELAGIGILTV,TRUE,RD1-MART1high*,TRAV12-2,TRBV6-5,40.1,24.6,1383.9,0.62,0
3O4L,2.54,1/12/2011,HLA-A*02:01,Human,GLCTLVAML,TRUE,AS01,TRAV5,TRBV20-1,45.9,3.1,2153.4,0.69,6
2GJ6,2.56,10/3/2006,HLA-A*02:01,Human,LLFGKPVYV,TRUE,A6,TRAV12-2,TRBV6-5,34.8,11,1911.8,0.72,0
4L3E,2.56,6/11/2014,HLA-A*02:01,Human,ELAGIGILTV,TRUE,DMF5*,TRAV12-2,TRBV6-4,31.7,2.7,2202.7,0.64,8
6RPA,2.56,1/15/2020,HLA-A*02:01,Human,SLLMWITQV,TRUE,NYE_S2,TRAV3,TRBV29-1,73.1,25.1,2196.9,0.7,0
7T0L,2022-12-07,3,HLA-B*27,,FRYNGLIHR,TRUE,,,,,,,,
3QEQ,2.59,7/6/2011,HLA-A*02:01,Human,AAGIGILTV,TRUE,DMF4,TRAV35,TRBV10-3,43.8,0.3,1890.4,0.71,1
4JQV,2013-06-25,1.5,HLA-B*18,,SELEIKRY,TRUE,,,,,,,,
4XXC,1.43,4/7/2015,HLA-B*18,,DELEIKAY,FALSE,,,,,,,,
6MT3,1.21,2/12/2019,HLA-B*18,,FEDLRVLSF,FALSE,,,,,,,,
1XR8,2005-04-13,2.3,HLA-B*15,,LEKARGSTY,TRUE,,,,,,,,
1XR9,2005-04-13,1.79,HLA-B*15,,ILGPPGSVY,TRUE,,,,,,,,
3C9N,2008-02-25,1.87,HLA-B*15,,VQQESSFVM,TRUE,,,,,,,,
5TXS,1.7,11/28/2017,HLA-B*15,,AQDIYRASY,FALSE,,,,,,,,
5VZ5,2.59,3/20/2018,HLA-B*15,,AQDIYRASYY,FALSE,,,,,,,,
6UZM,1.8,11/18/2020,HLA-B*15,,HLASSGHSL,FALSE,,,,,,,,
6UZN,2.22,11/18/2020,HLA-B*15,,TVRASGHSY,FALSE,,,,,,,,
6UZO,2.35,11/18/2020,HLA-B*15,,HLASSGHSY,FALSE,,,,,,,,
6UZP,2.08,11/18/2020,HLA-B*15,,HLASSGHSL,FALSE,,,,,,,,
6UZQ,2.4,11/18/2020,HLA-B*15,,TVRASGHSY,FALSE,,,,,,,,
6UZS,1.9,11/18/2020,HLA-B*15,,HLASSGHSY,FALSE,,,,,,,,
6VB0,1.9,11/25/2020,HLA-B*15,,ELRAREESY,FALSE,,,,,,,,
6VB1,2020-11-25,1.75,HLA-B*15,,ELRAREEAY,TRUE,,,,,,,,
6VB2,2020-11-25,1.41,HLA-B*15,,ELRARQECY,TRUE,,,,,,,,
6VB3,2,11/25/2020,HLA-B*15,,TVAASGHSY,FALSE,,,,,,,,
6VB4,2020-11-25,2.33,HLA-B*15,,TVAASGHSY,TRUE,,,,,,,,
6VB5,2020-11-25,2.15,HLA-B*15,,TVRASGHSY,TRUE,,,,,,,,
6VB6,2020-11-25,2.15,HLA-B*15,,TVRASGHSY,TRUE,,,,,,,,
6VB7,2.1,11/25/2020,HLA-B*15,,TVRASGHSY,FALSE,,,,,,,,
6VIU,2.33,11/25/2020,HLA-B*15,,TVAASGHSY,FALSE,,,,,,,,
3BVN,2.55,2/2/2009,HLA-B*14,,RRRWRRLTV,FALSE,,,,,,,,
3BXN,1.86,2/2/2009,HLA-B*14,,IRAAPPPLF,FALSE,,,,,,,,
1AO7,2.6,9/17/1997,HLA-A*02:01,Human,LLFGYPVYV,TRUE,A6,TRAV12-2,TRBV6-5,33.5,11,1964,0.64,199
1MI5,2003-02-04,2.5,HLA-B*08:01,,FLRGRAYGL,TRUE,,,,,,,,
3UTT,2.6,1/25/2012,HLA-A*02:01,Human,ALWGPDPAAA,TRUE,1.00E+06,TRAV12-3,TRBV12-4,46.7,9,1391.6,0.61,2
7RTR,2.6,10/13/2021,HLA-A*02:01,Human,YLQPRTFLL,TRUE,YLQ-SG3,TRAV12-2,TRBV7-9,42.2,3.5,1790.7,0.71,0
6VRM,2.61,6/17/2020,HLA-A*02:01,Human,HMTEVVRHC,TRUE,12-6,TRAV12-1,TRBV6-1,50.9,19.9,1588.6,0.7,0
1AGB,1997-06-15,2.2,HLA-B*08,,GGRKKYKL,TRUE,,,,,,,,
1AGC,1997-06-15,2.1,HLA-B*08,,GGKKKYQL,TRUE,,,,,,,,
1AGD,1997-06-15,2.05,HLA-B*08,,GGKKKYKL,TRUE,,,,,,,,
1AGE,1997-06-15,2.3,HLA-B*08,,GGKKKYRL,TRUE,,,,,,,,
1AGF,1997-06-15,2.2,HLA-B*08,,GGKKRYKL,TRUE,,,,,,,,
1M05,2003-09-01,1.9,HLA-B*08,,FLRGRAYGL,TRUE,,,,,,,,
3SKM,1.8,2/28/2012,HLA-B*08,,FLRGRAYVL,FALSE,,,,,,,,
3SKO,1.6,2/28/2012,HLA-B*08,,FLRGRAYGL,FALSE,,,,,,,,
3SPV,2012-07-03,1.3,HLA-B*08,,RAKFKQLL,TRUE,,,,,,,,
3X13,2014-12-23,1.8,HLA-B*08,,FLRGRAYGL,TRUE,,,,,,,,
3X14,2014-12-23,2,HLA-B*08,,FLRGRAYGL,TRUE,,,,,,,,
4QRQ,1.7,11/11/2014,HLA-B*08,,HSKKKCDEL,FALSE,,,,,,,,
4QRS,2014-12-09,1.4,HLA-B*08,,ELKRKMIYM,TRUE,,,,,,,,
4QRT,1.4,7/15/2014,HLA-B*08,,ELNRKMIYM,FALSE,,,,,,,,
4QRU,2015-02-03,1.6,HLA-B*08,,ELRRKMMYM,TRUE,,,,,,,,
5WMQ,1.4,6/5/2018,HLA-B*08,,ELRSRYWAI,FALSE,,,,,,,,
5WMR,1.58,6/5/2018,HLA-B*08,,QIKVRVDMV,FALSE,,,,,,,,
6P23,2019-10-15,1.59,HLA-B*08,,RARAAAKKKYCL,TRUE,,,,,,,,
6P27,2019-10-15,1.59,HLA-B*08,,RARAAAKKKYCL,TRUE,,,,,,,,
6P2C,2019-10-15,1.4,HLA-B*08,,RARARARARARAAAKKKYCL,TRUE,,,,,,,,
6P2F,1.48,10/15/2019,HLA-B*08,,RARARAAAKKGYCL,FALSE,,,,,,,,
6P2S,1.65,10/15/2019,HLA-B*08,,RXAAAKKKYCL,FALSE,,,,,,,,
7NUI,2,4/14/2021,HLA-B*08,,ELRSRYWAI,FALSE,,,,,,,,
3PWP,2.69,3/9/2011,HLA-A*02:01,Human,LGYGFVNYI,TRUE,A6,TRAV12-2,TRBV6-5,35.5,12.5,1934.3,0.65,3
3QDG,2.69,7/6/2011,HLA-A*02:01,Human,ELAGIGILTV,TRUE,DMF5,TRAV12-2,TRBV6-4,33.3,5.4,2099.4,0.67,23
2F54,2.7,4/25/2006,HLA-A*02:01,Human,SLLMWITQC,TRUE,1G4*,TRAV21,TRBV6-5,66.6,16,2079,0.72,9
3VCL,2012-11-20,1.7,HLA-B*07,,RPHERNGFTVL,TRUE,,,,,,,,
4U1H,1.59,4/7/2015,HLA-B*07,,TPQDLNTML,FALSE,,,,,,,,
4U1K,2.09,4/7/2015,HLA-B*07,,RPQVPLRPM,FALSE,,,,,,,,
5EO0,1.7,2/23/2016,HLA-B*07,,RPMTFKGAL,FALSE,,,,,,,,
5EO1,1.85,2/23/2016,HLA-B*07,,RPMTYKGAL,FALSE,,,,,,,,
5WMN,1.82,6/5/2018,HLA-B*07,,SPIVPSFDM,FALSE,,,,,,,,
5WMO,2018-06-05,1.62,HLA-B*07,,RPPIFIRRL,TRUE,,,,,,,,
5WMP,2018-06-05,1.6,HLA-B*07,,TPRVTGGGAM,TRUE,,,,,,,,
6AT5,2018-02-27,1.5,HLA-B*07,,APRGPHGGAASGL,TRUE,,,,,,,,
6UJ7,2021-05-05,1.9,HLA-B*07,,SPNGTIQNIL,TRUE,,,,,,,,
6UJ8,2021-05-05,2.25,HLA-B*07,,SPNGTIRNIL,TRUE,,,,,,,,
6UJ9,2021-05-05,2.9,HLA-B*07,,SPNGTIQNIL,TRUE,,,,,,,,
7LFZ,1.9,2/3/2021,HLA-B*07,,IPRRNVATL,FALSE,,,,,,,,
7LG0,2.3,2/3/2021,HLA-B*07,,SPRWYFYYL,FALSE,,,,,,,,
7LGD,2.88,4/21/2021,HLA-B*07,,SPRWYFYYL,FALSE,,,,,,,,
7LGT,1.97,4/21/2021,HLA-B*07,,SPKLHFYYL,FALSE,,,,,,,,
7RZD,1.82,11/2/2022,HLA-B*07,,EPRSPSHSM,FALSE,,,,,,,,
7RZJ,1.8,11/2/2022,HLA-B*07,,EPRSPSHSM,FALSE,,,,,,,,
7S79,1.53,11/2/2022,HLA-B*07,,EPRXPSHSM,FALSE,,,,,,,,
7S7D,1.56,11/2/2022,HLA-B*07,,EPRSPSHSM,FALSE,,,,,,,,
7S7E,2.04,11/2/2022,HLA-B*07,,LPASPAHQL,FALSE,,,,,,,,
7S7F,1.88,11/2/2022,HLA-B*07,,LPASPAHQL,FALSE,,,,,,,,
7S8A,2.1,11/2/2022,HLA-B*07,,EPRSPSHSM,FALSE,,,,,,,,
7S8E,1.6,11/2/2022,HLA-B*07,,EPRSPSHSM,FALSE,,,,,,,,
7S8F,1.8,11/2/2022,HLA-B*07,,EPRSPSHSM,FALSE,,,,,,,,
3H9S,2.7,1/12/2010,HLA-A*02:01,Human,MLWGYLQYV,TRUE,A6,TRAV12-2,TRBV6-5,35.3,14.3,1858.9,0.64,2
4JFE,2.7,5/29/2013,HLA-A*02:01,Human,ELAGIGALTV,TRUE,a24b17,TRAV12-2,TRBV30,42,10.3,2458.7,0.63,1
5YXU,2.7,12/12/2018,HLA-A*02:01,Human,KLVALGINAV,TRUE,NA,TRAV38-2/DV8,TRBV25-1,33.6,16.4,2072.5,0.55,0
3UTS,2.71,1/25/2012,HLA-A*02:01,Human,ALWGPDPAAA,TRUE,1.00E+06,TRAV12-3,TRBV12-4,36.1,7.9,1311.9,0.74,0
4FTV,2.74,7/3/2013,HLA-A*02:01,Human,LLFGYPVYV,TRUE,A6_c134,TRAV12-2,TRBV6-5,32.9,12.1,2097.3,0.74,1
4MNQ,2.74,11/13/2013,HLA-A*02:01,Human,ILAKFLHWL,TRUE,ILA1a1b1,TRAV22,TRBV6-5,42.1,13,2515.9,0.58,26
5NMG,2.75,11/15/2017,HLA-A*02:01,Human,SLFNTIAVL,TRUE,868,TRAV12-2,TRBV5-6,51.7,8.3,2025.7,0.66,0
1QRN,2.8,10/14/1999,HLA-A*02:01,Human,LLFGYAVYV,TRUE,A6,TRAV12-2,TRBV6-5,32.4,11.1,1974,0.61,1
1QSE,2.8,12/21/1999,HLA-A*02:01,Human,LLFGYPRYV,TRUE,A6,TRAV12-2,TRBV6-5,35.8,12.5,1984,0.66,1
1QSF,2.8,12/21/1999,HLA-A*02:01,Human,LLFGYPVAV,TRUE,A6,TRAV12-2,TRBV6-5,34.1,13.1,1817.2,0.61,1
3D3V,2.8,6/16/2009,HLA-A*02:01,Human,LLFGFPVYV,TRUE,A6,TRAV12-2,TRBV6-5,34.7,11.8,1770.7,0.76,0
3GSN,2.8,8/4/2009,HLA-A*02:01,Human,NLVPMVATV,TRUE,RA14,TRAV24,TRBV6-5,39,12.3,1861,0.63,10
3QDM,2.8,7/6/2011,HLA-A*02:01,Human,ELAGIGILTV,TRUE,DMF4,TRAV35,TRBV10-3,30.4,4.5,1706.3,0.65,1
3D39,2.81,6/16/2009,HLA-A*02:01,Human,LLFGFPVYV,TRUE,A6,TRAV12-2,TRBV6-5,35.4,12.4,1754.9,0.71,0
5MEN,2.81,12/7/2016,HLA-A*02:01,Human,ILAKFLHWL,TRUE,ILA1,TRAV22,TRBV6-5,39.8,13,2267.8,0.64,0
6EQB,2.81,10/10/2018,HLA-A*02:01,Human,AAGIGILTV,TRUE,Mel5,TRAV12-2,TRBV30,42.1,10.7,2299.7,0.69,0
4EUP,2.88,5/1/2013,HLA-A*02:01,Human,ALGIGILTV,TRUE,JKF6,TRAV12-2,TRBV28,31.2,13.2,1858.2,0.67,0
5NMF,2.89,11/15/2017,HLA-A*02:01,Human,SLYNTIATL,TRUE,868,TRAV12-2,TRBV5-6,50.3,9.7,2036.1,0.65,0
5NME,2.94,11/15/2017,HLA-A*02:01,Human,SLYNTVATL,TRUE,868,TRAV12-2,TRBV5-6,51.6,8,2101.9,0.63,0
5HHO,2.95,3/23/2016,HLA-A*02:01,Human,GILEFVFTL,TRUE,JM22,TRAV27,TRBV19,63.7,4.1,1573.8,0.64,0
6RSY,2.95,4/15/2020,HLA-A*02:01,Human,RMFPNAPYL,TRUE,a7b2,TRAV26-1,TRBV7-9,54.4,2.2,2197.2,0.7,0
6DKP,2.97,4/10/2019,HLA-A*02:01,Human,ELAGIGILTV,TRUE,DMF5,TRAV12-2,TRBV6-4,31.1,2.9,2188.2,0.65,0
1HSB,1993-10-30,1.9,HLA-A*68,,AVA,TRUE,,,,,,,,
1TMC,2.3,3/30/1995,HLA-A*68,,EVAPPEYHRK,FALSE,,,,,,,,
4HWZ,2013-10-15,2.4,HLA-A*68,,AIFQSSMTK,TRUE,,,,,,,,
4HX1,2013-10-01,1.8,HLA-A*68,,SVYDFFVWL,TRUE,,,,,,,,
4I48,2013-10-01,2.8,HLA-A*68,,TLTSCNTSV,TRUE,,,,,,,,
6EI2,1.61,10/10/2017,HLA-A*68,,ETSPLTAEKL,FALSE,,,,,,,,
6PBH,2019-12-10,1.89,HLA-A*68,,DATYQRTRALVR,TRUE,,,,,,,,
6J1V,2019-09-24,2,HLA-A*30,,AIFQSSMTK,TRUE,,,,,,,,
6J1W,2019-09-24,1.5,HLA-A*30,,AIFQSSMTK,TRUE,,,,,,,,
6J29,2019-09-24,1.6,HLA-A*30,,QIMYNYPAM,TRUE,,,,,,,,
6J2A,2019-09-24,1.4,HLA-A*30,,CTELKLSDY,TRUE,,,,,,,,
7TLT,2.3,10/12/2022,HLA-A*29,,YFPLQSYGF,FALSE,,,,,,,,
3HG1,3,7/28/2009,HLA-A*02:01,Human,ELAGIGILTV,TRUE,MEL5,TRAV12-2,TRBV30,47.6,9.5,2000.3,0.61,6
3VXM,2013-10-23,2.5,HLA-A*24:02,,RFPLTFGWCF,TRUE,,,,,,,,
4QOK,3,12/17/2014,HLA-A*02:01,Human,EAAGIGILTV,TRUE,MEL5,TRAV12-2,TRBV30,46.9,10.1,2053.6,0.64,1
6TRO,3,6/24/2020,HLA-A*02:01,Human,GVYDGREHTV,TRUE,GVY01,TRAV10,TRBV28,57.8,24.9,1771.5,0.67,0
6VQO,3,6/17/2020,HLA-A*02:01,Human,HMTEVVRHC,TRUE,1a2,TRAV12-3,TRBV27,29.5,1.3,1474,0.65,0
7PBE,3,4/27/2022,HLA-A*02:01,Human,YLQPRTFLL,TRUE,YLQ36,TRAV12-1,TRBV7-9,51.7,2.3,2108.6,0.65,0
2BCK,2.8,1/9/2006,HLA-A*24,,VYGFVRACL,FALSE,,,,,,,,
3I6L,2.4,7/13/2010,HLA-A*24,,QFKDNVILL,FALSE,,,,,,,,
3NFN,2.39,7/12/2011,HLA-A*24,,RYPLTFGWCF,FALSE,,,,,,,,
3QZW,2011-06-28,2.8,HLA-A*24,,RYPLTFGWCF,TRUE,,,,,,,,
3VXO,2.61,10/22/2013,HLA-A*24,,RFPLTFGWCF,FALSE,,,,,,,,
3VXP,2.5,10/22/2013,HLA-A*24,,RYPLTLGWCF,FALSE,,,,,,,,
3WL9,1.66,6/10/2014,HLA-A*24,,NYTPGPGIRF,FALSE,,,,,,,,
3WLB,2,6/10/2014,HLA-A*24,,NYTPGPGTRF,FALSE,,,,,,,,
4F7M,2.4,10/9/2012,HLA-A*24,,LYASPQLEGF,FALSE,,,,,,,,
4F7P,1.9,10/9/2012,HLA-A*24,,FYRYGFVANF,FALSE,,,,,,,,
4F7T,1.7,10/9/2012,HLA-A*24,,RYGFVANF,FALSE,,,,,,,,
4WU5,2.4,5/5/2015,HLA-A*24,,RYPLTFGW,FALSE,,,,,,,,
4WU7,2015-05-05,2.3,HLA-A*24,,RFPLTFGW,TRUE,,,,,,,,
5HGA,2.2,6/7/2016,HLA-A*24,,RFPLTFGW,FALSE,,,,,,,,
5HGB,2.4,6/7/2016,HLA-A*24,,RYPLTFGW,FALSE,,,,,,,,
5HGD,2.07,6/7/2016,HLA-A*24,,RFPLTFGWCF,FALSE,,,,,,,,
5HGH,2.39,6/7/2016,HLA-A*24,,RYPLTFGWCF,FALSE,,,,,,,,
5WWI,2018-01-16,3.19,HLA-A*24,,LYKKLKREMTF,TRUE,,,,,,,,
5WWJ,2018-01-16,2.29,HLA-A*24,,LYKKLKREMTF,TRUE,,,,,,,,
5WWU,2018-01-16,2.79,HLA-A*24,,LYKKLKREITF,TRUE,,,,,,,,
5WXC,2018-01-16,2.29,HLA-A*24,,LYKKLKREMTF,TRUE,,,,,,,,
5WXD,2018-01-16,3.29,HLA-A*24,,LYKKLKREMTF,TRUE,,,,,,,,
6XQA,2.16,4/14/2021,HLA-A*24,,TYQWVLKNL,FALSE,,,,,,,,
7EJL,2022-01-26,1.89,HLA-A*24,,QYIKWPWYI,TRUE,,,,,,,,
7EJM,2022-01-26,1.71,HLA-A*24,,TYIKWPWWV,TRUE,,,,,,,,
7EJN,2022-01-26,2.11,HLA-A*24,,MYVKWPWYV,TRUE,,,,,,,,
7F4W,2.9,8/25/2021,HLA-A*24,,NYNYLYRLF,FALSE,,,,,,,,
7JYU,2.75,4/14/2021,HLA-A*24,,IYFSPIRVTF,FALSE,,,,,,,,
7JYV,1.51,4/14/2021,HLA-A*24,,YFSPIRVTF,FALSE,,,,,,,,
7JYW,2.9,4/14/2021,HLA-A*24,,TYQWIIRNW,FALSE,,,,,,,,
7JYX,2.95,4/14/2021,HLA-A*24,,TYQWIIRNWET,FALSE,,,,,,,,
7K80,2020-12-09,2.4,HLA-A*24,,RYPLTFGW,TRUE,,,,,,,,
7K81,2020-12-09,2,HLA-A*24,,RYPLTFGW,TRUE,,,,,,,,
7MJA,1.69,8/18/2021,HLA-A*24,,QYNPIRTTF,FALSE,,,,,,,,
7NMD,2.25,9/7/2022,HLA-A*24,,QLPRLFPLL,FALSE,,,,,,,,
7WT3,2022-06-22,1.89,HLA-A*24,,XGANF,TRUE,,,,,,,,
7WT4,2022-06-22,1.89,HLA-A*24,,RYGFVANF,TRUE,,,,,,,,
7WT5,2022-06-22,2.1,HLA-A*24,,RAGFVANF,TRUE,,,,,,,,
5HYJ,3.06,5/4/2016,HLA-A*02:01,Human,AQWGPDPAAA,TRUE,1.00E+06,TRAV12-3,TRBV12-4,43,12.4,1589.1,0.66,0
6RP9,3.12,1/15/2020,HLA-A*02:01,Human,SLLMWITQV,TRUE,NYE_S3,TRAV12-2,TRBV7-6,66.8,7.8,1345.3,0.74,0
6EQA,3.16,10/10/2018,HLA-A*02:01,Human,AAGIGILTV,TRUE,Mel5,TRAV12-2,TRBV30,47.9,8.1,1975.6,0.57,0
5NHT,3.2,5/16/2018,HLA-A*02:01,Human,ELAGIGILTV,TRUE,199.54-16,TRAV12-2,TRBV19,33.9,2.8,1803.1,0.67,0
5NQK,3.25,5/30/2018,HLA-A*02:01,Human,ELAGIGILTV,TRUE,199.16,TRAV12-2,TRBV19,36.1,1.6,1795.3,0.64,0
8I5C,,,HLA-A*11:01,Mouse,VVGAVGVGK,TRUE,null,TRAV7-2,TRBV13-2,47.7,7.3,1991.2,0.57,0
8I5D,,,HLA-A*11:01,Mouse,VVGAVGVGK,TRUE,null,TRAV8-1,TRBV16,44.5,11.7,1937.9,0.55,0
1Q94,2.4,5/31/2004,HLA-A*11,,AIFQSSMTK,FALSE,,,,,,,,
1QVO,2.22,5/31/2004,HLA-A*11,,QVPLRPMTYK,FALSE,,,,,,,,
1X7Q,2005-08-01,1.45,HLA-A*11,,KTFPPTEPK,TRUE,,,,,,,,
2HN7,2006-11-27,1.6,HLA-A*11,,AIMPARFYPK,TRUE,,,,,,,,
4MJ5,2.4,10/7/2014,HLA-A*11,,TIAMELIRMIK,FALSE,,,,,,,,
4MJ6,2.57,10/7/2014,HLA-A*11,,TMVMELIRMIK,FALSE,,,,,,,,
4N8V,2014-02-04,2.5,HLA-A*11,,MLIYSMWGK,TRUE,,,,,,,,
4UQ2,2014-09-16,2.43,HLA-A*11,,AIMXYPK,TRUE,,,,,,,,
5GRD,2017-08-08,1.8,HLA-A*11,,SSCSSCPLSK,TRUE,,,,,,,,
5GSD,2017-08-08,2.3,HLA-A*11,,SSCPLSK,TRUE,,,,,,,,
5WJL,3.15,9/19/2017,HLA-A*11,,GTSGSPIVNR,FALSE,,,,,,,,
5WJN,2.85,9/19/2017,HLA-A*11,,GTSGSPIINR,FALSE,,,,,,,,
6ID4,2019-02-05,2.4,HLA-A*11,,AIFQSSMTK,TRUE,,,,,,,,
6JOZ,2020-01-28,1.35,HLA-A*11,,ATIGTAMYK,TRUE,,,,,,,,
7M8T,1.5,6/23/2021,HLA-A*11,,NSASFSTFK,FALSE,,,,,,,,
7OW3,2.46,7/20/2022,HLA-A*11,,VVVGAGGVGK,FALSE,,,,,,,,
7OW4,1.81,7/20/2022,HLA-A*11,,VVVGADGVGK,FALSE,,,,,,,,
7S8Q,2.08,2/23/2022,HLA-A*11,,KTNGNAFIGK,FALSE,,,,,,,,
7S8R,2.95,2/23/2022,HLA-A*11,,SALEWIKNK,FALSE,,,,,,,,
7S8S,1.87,2/23/2022,HLA-A*11,,RVLVNGTFLK,FALSE,,,,,,,,
7WKJ,2022-03-02,1.5,HLA-A*11,,KTFPPTEPK,TRUE,,,,,,,,
5D2L,3.51,10/7/2015,HLA-A*02:01,Human,NLVPMVATV,TRUE,C7,TRAV24,TRBV7-2,29,12.8,1860.5,0.59,1
5E6I,4,10/19/2016,HLA-A*02:01,Human,GILGFVFTL,TRUE,PF8,TRAV35,TRBV27,63,2.1,2111.4,0.51,0
2XPG,2011-04-26,2.6,HLA-A*03,,KLIETYFSK,TRUE,,,,,,,,
3RL1,2,2/28/2012,HLA-A*03,,AIFQSSMTK,FALSE,,,,,,,,
3RL2,2012-02-28,2.39,HLA-A*03,,QVPLRPMTYK,TRUE,,,,,,,,
6O9B,2019-11-12,2.2,HLA-A*03,,TTAPSLSGK,TRUE,,,,,,,,
6O9C,2019-11-12,2.45,HLA-A*03,,TTAPFLSGK,TRUE,,,,,,,,
7L1B,2.04,3/23/2022,HLA-A*03,,AHHGGWTTK,FALSE,,,,,,,,
7L1C,1.96,3/23/2022,HLA-A*03,,ALHGGWTTK,FALSE,,,,,,,,
7MLE,2.2,4/6/2022,HLA-A*03,,VVRPSVASK,FALSE,,,,,,,,
7UC5,1.95,10/12/2022,HLA-A*03,,ILRGSVAHK,FALSE,,,,,,,,
8DNT,,,HLA-A*02:01,Human,LLLDRLNQL,TRUE,LL8,TRAV12-2,TRBV7-2,31.4,3.6,2056.8,0.64,0
6UK4,2.7,8/19/2020,HLA-A*02:06,Human,KQWLVWLFL,TRUE,302 TIL,TRAV38-2/DV8,TRBV12-3,30,6.2,1804.9,0.7,0
6P64,3.05,6/3/2020,HLA-A*02:06,Human,KQWLVWLFL,TRUE,302TIL,TRAV38-2/DV8,TRBV12-3,41.3,9.7,1635.9,0.72,0
2J8U,2.88,10/16/2007,HLA-A*02:01*,Mouse,ALWGFFPVL,TRUE,AHIII,TRAV12D-2,TRBV13-3,68.1,2.1,2004,0.54,0
2JCC,2.5,10/9/2007,HLA-A*02:01*,Mouse,ALWGFFPVL,TRUE,AHIII,TRAV12D-2,TRBV13-3,67,1.7,1947,0.67,0
2UWE,2.4,9/25/2007,HLA-A*02:01*,Mouse,ALWGFFPVL,TRUE,AHIII,TRAV12D-2,TRBV13-3,67.7,1,1980,0.71,0
6UK2,3.14,8/19/2020,HLA-A*02:06,Human,KQWLVWLLL,TRUE,302 TIL,TRAV38-2/DV8,TRBV12-3,30.3,6.3,1855.3,0.57,0
7RRG,2.12,3/23/2022,HLA-A*03:01,Human,ALHGGWTTK,TRUE,0606T1-2,TRAV4,TRBV11-2,73.8,12,1930.7,0.73,0
1LP9,2,11/11/2003,HLA-A*02:01,Mouse,ALWGFFPVL,TRUE,AHIII,TRAV12D-2,TRBV13-3,67.3,2.1,1979.8,0.71,1
7L1D,3.11,3/23/2022,HLA-A*03:01,Human,ALHGGWTTK,TRUE,21LT2-2,TRAV12-2,TRBV9,47.4,3.5,1975.5,0.6,0
7OW5,2.58,7/20/2022,HLA-A*11:01,Human,VVVGAGGVGK,TRUE,JDIa41b1,TRAV19,TRBV6-2,48.5,8.4,1676.9,0.69,0
7OW6,2.64,7/20/2022,HLA-A*11:01,Human,VVVGADGVGK,TRUE,JDIa41b1,TRAV19,TRBV6-2,48.2,8.4,1660.1,0.66,0
5WKF,2.95,9/20/2017,HLA-A*11:01,Human,GTSGSPIVNR,TRUE,D30,TRAV30,TRBV11-2,39.1,12.1,1811.4,0.68,0
5WKH,3.2,9/20/2017,HLA-A*11:01,Human,GTSGSPIINR,TRUE,D30,TRAV30,TRBV11-2,38.7,13.1,1777.7,0.71,0
7PB2,3.41,7/20/2022,HLA-A*11:01,Human,VVVGADGVGK,TRUE,JDI,TRAV19,TRBV6-2,44,9.1,1631.1,0.65,0
3VXS,1.8,10/23/2013,HLA-A*24:02,Human,RYPLTLGWCF,TRUE,H27-14,TRAV21,TRBV7-9,53.4,6.9,1937.7,0.77,1
3VXR,2.4,10/23/2013,HLA-A*24:02,Human,RYPLTFGWCF,TRUE,H27-14,TRAV21,TRBV7-9,50.8,8.1,1896.6,0.75,3
3VXM,2.5,10/23/2013,HLA-A*24:02,Human,RFPLTFGWCF,TRUE,C1-28,TRAV8-3,TRBV4-1,48.8,13.6,1910,0.69,2
5XOV,2.68,6/14/2017,HLA-A*24:02,Human,RYPLTFGWCF,TRUE,S19-2,TRDV1,TRBV30,34.1,10.5,1823.7,0.66,0
3VXU,2.7,10/23/2013,HLA-A*24:02,Human,RFPLTFGWCF,TRUE,T36-5,TRAV12-2,TRBV27,59.5,3.4,2350.3,0.66,2
7N1E,2.3,7/28/2021,HLA-A2,Human,RLQSLQTYV,TRUE,RLQ3,TRAV16,TRBV11-2,35.6,18.4,1659.4,0.69,0
7N1F,2.39,7/28/2021,HLA-A2,Human,YLQPRTFLL,TRUE,YLQ7,TRAV12-2,TRBV7-9,41.1,4.2,1851,0.61,0
6VM7,2.41,1/20/2021,HLA-A2,Human,ITDQVPFSV,TRUE,SILv44,TRAV8-1,TRBV19,27.2,13.4,1845.1,0.69,0
6VM8,2.41,11/25/2020,HLA-A2,Human,IMDQVPFSV,TRUE,SILv44,TRAV8-1,TRBV19,27.6,12.9,1849.9,0.68,0
6Q3S,2.5,7/24/2019,HLA-A2,Human,SLLMWITQV,TRUE,1G4,TRAV21,TRBV6-5,66.7,15.8,2143.8,0.69,0
7RK7,2.54,11/2/2022,HLA-A2,Human,YMDGTMSQV,TRUE,TIL 1383i,TRAV4,TRBV10-3,80.7,16.5,1757.3,0.71,0
6VMA,2.75,1/20/2021,HLA-A2,Human,ITDQVPFSV,TRUE,T4H2,TRAV12-2,TRBV19,52.5,7.6,1766.5,0.62,0
6VMC,2.85,1/20/2021,HLA-A2,Human,ILDQVPFSV,TRUE,T4H2,TRAV12-2,TRBV19,52.8,8.5,1817.7,0.65,0
6VM9,2.9,1/20/2021,HLA-A2,Human,IMDQVPFSV,TRUE,T4H2,TRAV12-2,TRBV19,50.6,5.4,1928.6,0.62,0
7PHR,3.08,8/31/2022,HLA-A2,Human,YLEPGPVTV,TRUE,GPa3b17,TRAV17,TRBV19,43,5.4,2140.6,0.65,0
6UZ1,3.14,10/28/2020,HLA-A2,Human,LLFGYPVYV,TRUE,A6 S3-4,TRAV12-2,TRBV6-5,124.2,71.9,947.9,0.64,0
7N6E,3.2,7/28/2021,HLA-A2,Human,YLQPRTFLL,TRUE,NR1C,TRAV12-1,TRBV19,52.6,1.3,2043.9,0.64,0
7RM4,3.33,2/9/2022,HLA-A2,Human,HMTEVVRHC,TRUE,6-11,TRAV6,TRBV11-2,144.7,18.9,1494.7,0.58,0
8GOM,,,HLA-A2,Human,RLQSLQTYV,TRUE,RLQ7,TRAV38-2/DV8,TRBV12-3,39.1,15.8,2154.2,0.68,0
8GON,,,HLA-A2,Human,RLQSLQIYV,TRUE,RLQ7,TRAV38-2/DV8,TRBV12-3,38.5,13.4,2079.5,0.62,0
3QFJ,2012-01-11,2.29,HLA-A*02:01,,LLFGFPVYV,TRUE,,,,,,,,
7NME,2.2,9/7/2022,HLA-A24,Human,QLPRLFPLL,TRUE,4C6,TRAV5,TRBV7-9,35.9,8.8,2211.5,0.69,0
7NMG,2.48,9/7/2022,HLA-A24,Human,LWMRLLPLL,TRUE,4C6,TRAV5,TRBV7-9,34.9,7.7,2180.6,0.69,0
3W0W,2.6,11/6/2013,HLA-A24,Human,RFPLTFGWCF,TRUE,T36-5,TRAV12-2,TRBV27,56.3,3.9,2103.7,0.69,0
7NMF,2.98,9/7/2022,HLA-A24,Human,QLPRLFPLL,TRUE,4C6,TRAV5,TRBV7-9,36,8.9,2173.8,0.72,0
8GVB,3.2,10/19/2022,HLA-A24,Human,RYPLTFGW,TRUE,TD08,TRAV8-3,TRBV7-9,57,19.5,2030.3,0.52,0
8GVI,3.3,10/19/2022,HLA-A24,Human,RYPLTFGW,TRUE,H25-11,TRAV8-3,TRBV7-9,55.1,20.6,2044.6,0.47,0
8GVG,3.37,10/19/2022,HLA-A24,Human,RFPLTFGW,TRUE,TD08,TRAV8-3,TRBV7-9,55.1,20.1,2057.3,0.52,0
6AVF,2.03,2/28/2018,HLA-B*07:02,Human,APRGPHGGAASGL,TRUE,KFJ5,TRAV4,TRBV28,39.5,9.7,1559.4,0.63,0
6AVG,2.6,2/28/2018,HLA-B*07:02,Human,APRGPHGGAASGL,TRUE,KFJ37,TRAV4,TRBV9,37.8,5,2322.1,0.67,0
6VMX,3.1,7/29/2020,HLA-B*07:02,Human,RPPIFIRRL,TRUE,HD14,TRAV24,TRBV4-1,54.8,8.7,1783.9,0.73,0
1MI5,2.5,2/4/2003,HLA-B*08:01,Human,FLRGRAYGL,TRUE,LC13,TRAV26-2,TRBV7-8,42.3,11.9,2235.3,0.61,49
3FFC,2.8,1/27/2009,HLA-B*08:01,Human,FLRGRAYGL,TRUE,CF34,TRAV14/DV4,TRBV11-2,27.5,3.6,2134.7,0.65,5
4QRP,2.9,11/12/2014,HLA-B*08:01,Human,HSKKKCDEL,TRUE,DD31,TRAV9-2,TRBV11-2,48.4,19.2,2160.4,0.64,6
3SJV,3.1,2/29/2012,HLA-B*08:01,Human,FLRGRAYGL,TRUE,RL42,TRAV12-1,TRBV6-2,36.7,3.7,2026.7,0.56,0
8CX4,2.2,12/7/2022,HLA-B*27,Human,LRVMMLAPF,TRUE,AS8.4,TRAV21,TRBV9,20.1,8.6,1658.8,0.74,0
7N2R,2.28,12/7/2022,HLA-B*27,Human,TRLALIAPK,TRUE,AS4.3,TRAV21,TRBV9,21.2,8.7,1678.7,0.66,0
7N2O,2.3,12/7/2022,HLA-B*27,Human,LRVMMLAPF,TRUE,AS4.2,TRAV21,TRBV9,20.1,12.7,1907.2,0.74,0
7N2S,2.37,12/7/2022,HLA-B*27,Human,TRLALIAPK,TRUE,AS3.1,TRAV21,TRBV9,21.4,5.1,2059,0.67,0
7N2P,2.5,12/7/2022,HLA-B*27,Human,GQVMVVAPR,TRUE,AS4.3,TRAV21,TRBV9,21.9,8.5,1768,0.78,0
7N2N,2.6,12/7/2022,HLA-B*27,Human,TRLALIAPK,TRUE,AS4.2,TRAV21,TRBV9,20.5,5.1,1867.2,0.58,0
7N2Q,2.7,12/7/2022,HLA-B*27,Human,LRVMMLAPF,TRUE,AS4.3,TRAV21,TRBV9,21.1,9.2,1737.5,0.72,0
4G9F,1.9,3/20/2013,HLA-B*27:05,Human,KRWIIMGLNK,TRUE,C12C,TRAV14/DV4,TRBV6-5,41.6,20.5,1781.4,0.68,1
4G8G,2.4,3/20/2013,HLA-B*27:05,Human,KRWIILGLNK,TRUE,C12C,TRAV14/DV4,TRBV6-5,41.2,19.8,1813.2,0.66,2
6BJ8,1.75,7/25/2018,HLA-B*35:01,Human,VPLTEDAEL,TRUE,55,TRDV1,TRBV6-1,41.8,7.4,1932.2,0.72,0
6BJ3,1.9,7/25/2018,HLA-B*35:01,Human,IPLTEEAEL,TRUE,55,TRDV1,TRBV6-1,42,7.5,1899.7,0.7,0
3MV7,2,6/9/2010,HLA-B*35:01,Human,HPVGEADYFEY,TRUE,TK3,TRAV20,TRBV9,41.3,11.2,1870,0.62,12
3MV8,2.1,6/9/2010,HLA-B*35:01,Human,HPVGEADYFEY,TRUE,TK3*,TRAV20,TRBV9,40.4,11.5,1883.8,0.61,1
4PRP,2.5,4/16/2014,HLA-B*35:01,Human,HPVGQADYFEY,TRUE,TK3,TRAV20,TRBV9,41.3,11.7,1914.2,0.64,0
2NX5,2.7,2/27/2007,HLA-B*35:01,Human,EPLPQGQLTAY,TRUE,ELS4,TRAV1-2,TRBV10-3,55.6,6.7,2108.2,0.68,0
3MV9,2.7,6/9/2010,HLA-B*35:01,Human,HPVGEADYFEY,TRUE,TK3*,TRAV20,TRBV9,40.2,11.1,1858.9,0.61,1
5XOT,2.79,6/14/2017,HLA-B*35:01,Human,IPLTEEAEL,TRUE,TU55,TRDV1,TRBV6-1,41.2,8.6,1950.3,0.65,0
4QRR,3,12/10/2014,HLA-B*35:01,Human,IPSINVHHY,TRUE,clone12,TRDV1,TRBV5-1,39.2,12,2011,0.6,0
6BJ2,3.35,7/25/2018,HLA-B*35:01,Human,IPLTEEAEL,TRUE,589,TRAV19,TRBV5-4,41.1,7.1,2115.4,0.58,0
4JRX,2.3,4/10/2013,HLA-B*35:05,Human,LPEPLPQGQLTAY,TRUE,CA5,TRAV19,TRBV6-1,66.8,12.9,1753.7,0.78,2
4PRI,2.4,4/16/2014,HLA-B*35:05,Human,HPVGEADYFEY,TRUE,TK3,TRAV20,TRBV9,41.5,12.2,1963.5,0.66,4
2AK4,2.5,10/11/2005,HLA-B*35:05,Human,LPEPLPQGQLTAY,TRUE,SB27,TRAV19,TRBV6-1,70.2,8.5,1848.9,0.72,54
4JRY,2.8,4/10/2013,HLA-B*35:05,Human,LPEPLPQGQLTAY,TRUE,SB47,TRAV39,TRBV5-6,62.4,24.7,1963.9,0.68,12
4PRH,2.5,4/30/2014,HLA-B*35:08,Human,HPVGDADYFEY,TRUE,TK3,TRAV20,TRBV9,43.2,11.4,1956,0.66,1
3KXF,3.1,6/9/2010,HLA-B*35:08,Human,LPEPLPQGQLTAY,TRUE,SB27,TRAV19,TRBV6-1,68.9,13.1,1773.6,0.73,1
6MTM,3,2/13/2019,HLA-B*37:01,Human,FEDLRVLSF,TRUE,EM2,TRAV30,TRBV19,49.5,11.4,1785.4,0.69,0
7DZN,2.63,1/26/2022,HLA-B*42:01,Human,TPQDLNTML,TRUE,T18A,TRAV26-1,TRBV12-3,49.3,9.8,1383.7,0.71,0
3KPR,2.6,12/22/2009,HLA-B*44:05,Human,EEYLKAWTF,TRUE,LC13,TRAV26-2,TRBV7-8,41.1,14.5,2316.9,0.69,3
3KPS,2.7,12/22/2009,HLA-B*44:05,Human,EEYLQAFTY,TRUE,LC13,TRAV26-2,TRBV7-8,42.6,14.2,2279.7,0.7,3
3DXA,3.5,1/27/2009,HLA-B*44:05,Human,EENLLDFVRF,TRUE,DM1,TRAV26-1,TRBV7-9,57.3,8.6,2043.9,0.59,4
4MJI,2.99,5/28/2014,HLA-B*51:01,Human,TAFTIPSI,TRUE,3B,TRAV17,TRBV7-3,43.5,4.5,2189.4,0.65,1
7R80,2.9,6/29/2022,HLA-B*5301,Human,QASQEVKNW,TRUE,C3,TRAV21,TRBV6-5,17.5,11.9,1960.4,0.55,0
2YPL,2.4,11/28/2012,HLA-B*57:01,Human,KAFSPEVIPMF,TRUE,AGA,TRAV5,TRBV19,26.7,3,1518.3,0.81,0
7DZM,2.25,1/26/2022,HLA-B*81:01,Human,TPQDLNTML,TRUE,T18A,TRAV26-1,TRBV12-3,47.5,10.1,1442.6,0.7,0
7SU9,1.99,6/8/2022,HLA-C*05:01,Human,GADGVGKSL,TRUE,TCR9a,TRAV4,TRBV5-6,15.3,9,1760.4,0.64,0
8SHI,,,HLA-C*06:02,Human,VRSRRLRL,TRUE,Vα3S1/Vβ13S1,TRAV17,TRBV6-5,21.4,18.3,1890.4,0.56,0
6ULN,2.01,5/27/2020,HLA-C*08:02,Human,GADGVGKSA,TRUE,NA,TRAV4,TRBV5-6,15.2,8.8,1636,0.59,0
6ULR,3.2,5/27/2020,HLA-C*08:02,Human,GADGVGKSA,TRUE,NA,TRAV4,TRBV5-6,16.1,9.3,1888.6,0.56,0
6UON,3.5,5/27/2020,HLA-C*08:02,Human,GADGVGKSAL,TRUE,TCR10,TRAV12-2,TRBV10-2,62.9,14.8,1517,0.42,0
6ZKX,2.17,1/26/2022,HLA-E,Human,RLPAKAPLLGCG,TRUE,InhA:01,TRAV21,TRBV6-5,59.7,17.8,1972.3,0.68,0
6ZKW,2.26,1/26/2022,HLA-E,Human,RLPAKAPLL,TRUE,InhA:01,TRAV21,TRBV6-5,59.6,19.7,1636.8,0.63,0
6ZKZ,2.3,1/26/2022,HLA-E,Human,RLPAKAPLL,TRUE,InhA:01,TRAV21,TRBV6-5,59,18.8,1697.3,0.69,0
7NDQ,2.55,1/26/2022,HLA-E,Human,RMYSPVSIL,TRUE,Gag:02,TRAV4,TRBV7-9,76.9,19,2057.6,0.56,0
2ESV,2.6,3/21/2006,HLA-E,Human,VMAPRTLIL,TRUE,KK50.4,TRAV26-1,TRBV14,38.9,7.8,1998.7,0.68,9
6ZKY,2.65,1/26/2022,HLA-E,Human,RLPAKAPLX,TRUE,InhA:01,TRAV21,TRBV6-5,59.3,19.6,1601.8,0.64,0
5E00,1.7,1/17/2017,HLA-A*02,,GVWIRTPPA,FALSE,,,,,,,,
1AKJ,1997-09-16,2.65,HLA-A*02,,ILKEPVHGV,TRUE,,,,,,,,
1B0G,2.5,11/17/1998,HLA-A*02,,ALWGFFPVL,FALSE,,,,,,,,
1B0R,2.9,11/24/1999,HLA-A*02,,GILGFVFTX,FALSE,,,,,,,,
1DUY,2.15,2/3/2000,HLA-A*02,,LFGYPVYV,FALSE,,,,,,,,
1DUZ,1.8,2/3/2000,HLA-A*02,,LLFGYPVYV,FALSE,,,,,,,,
1EEY,2.25,6/9/2003,HLA-A*02,,ILSALVGIV,FALSE,,,,,,,,
1EEZ,2.3,6/9/2003,HLA-A*02,,ILSALVGIL,FALSE,,,,,,,,
1HHG,2.6,10/30/1993,HLA-A*02,,TLTSCNTSV,FALSE,,,,,,,,
1HHH,3,10/30/1993,HLA-A*02,,FLPSDFFPSV,FALSE,,,,,,,,
1HHI,2.5,10/30/1993,HLA-A*02,,GILGFVFTL,FALSE,,,,,,,,
1HHJ,2.5,10/30/1993,HLA-A*02,,ILKEPVHGV,FALSE,,,,,,,,
1HHK,2.5,10/30/1993,HLA-A*02,,LLFGYPVYV,FALSE,,,,,,,,
1I1F,2.8,1/11/2000,HLA-A*02,,FLKEPVHGV,FALSE,,,,,,,,
1I1Y,2.2,1/20/2000,HLA-A*02,,YLKEPVHGV,FALSE,,,,,,,,
1I4F,1.4,7/24/2001,HLA-A*02,,GVYDGREHTV,FALSE,,,,,,,,
1I7R,2.2,10/23/2001,HLA-A*02,,FAPGFFPYL,FALSE,,,,,,,,
1I7T,2.8,10/23/2001,HLA-A*02,,ALWGVFPVL,FALSE,,,,,,,,
1I7U,1.8,10/23/2001,HLA-A*02,,ALWGFVPVL,FALSE,,,,,,,,
1IM3,2001-06-05,2.2,HLA-A*02,,LLFGYPVYV,TRUE,,,,,,,,
1JF1,1.85,9/13/2001,HLA-A*02,,ELAGIGILTV,FALSE,,,,,,,,
1JHT,2.15,9/13/2001,HLA-A*02,,ALGIGILTV,FALSE,,,,,,,,
1P7Q,2003-10-13,3.4,HLA-A*02,,ILKEPVHGV,TRUE,,,,,,,,
1QEW,2.2,11/17/2003,HLA-A*02,,FLWGPRALV,FALSE,,,,,,,,
1QR1,2.4,12/31/1999,HLA-A*02,,IISAVVGIL,FALSE,,,,,,,,
1S8D,2005-09-05,2.2,HLA-A*02,,SLANTVATL,TRUE,,,,,,,,
1S9W,2.2,9/27/2004,HLA-A*02,,SLLMWITQC,FALSE,,,,,,,,
1S9X,2.5,9/27/2004,HLA-A*02,,SLLMWITQA,FALSE,,,,,,,,
1S9Y,2.3,9/27/2004,HLA-A*02,,SLLMWITQS,FALSE,,,,,,,,
1T1W,2005-09-05,2.2,HLA-A*02,,SLFNTIAVL,TRUE,,,,,,,,
1T1X,2005-09-05,2.2,HLA-A*02,,SLYLTVATL,TRUE,,,,,,,,
1T1Y,2005-09-05,2,HLA-A*02,,SLYNVVATL,TRUE,,,,,,,,
1T1Z,2005-09-05,1.9,HLA-A*02,,ALYNTAAAL,TRUE,,,,,,,,
1T20,2005-09-05,2.2,HLA-A*02,,SLYNTIATL,TRUE,,,,,,,,
1T21,2005-09-05,2.19,HLA-A*02,,SLYNTVATL,TRUE,,,,,,,,
1T22,2005-09-05,2.2,HLA-A*02,,SLYNTVATL,TRUE,,,,,,,,
1TVB,1.8,4/18/2005,HLA-A*02,,ITDQVPFSV,FALSE,,,,,,,,
1TVH,1.8,4/18/2005,HLA-A*02,,IMDQVPFSV,FALSE,,,,,,,,
1W72,2004-11-08,2.15,HLA-A*02,,EADPTGHSY,TRUE,,,,,,,,
2AV1,1.95,10/17/2005,HLA-A*02,,LLFGYPVYV,FALSE,,,,,,,,
2AV7,2.05,10/17/2005,HLA-A*02,,LLFGYPVYV,FALSE,,,,,,,,
2C7U,2.38,3/7/2006,HLA-A*02,,SLFNTIAVL,FALSE,,,,,,,,
2CLR,2,3/30/1995,HLA-A*02,,MLLSVPLLLG,FALSE,,,,,,,,
2GIT,1.7,10/2/2006,HLA-A*02,,LLFGKPVYV,FALSE,,,,,,,,
2GT9,1.75,6/11/2007,HLA-A*02,,EAAGIGILTV,FALSE,,,,,,,,
2GTW,1.55,6/11/2007,HLA-A*02,,LAGIGILTV,FALSE,,,,,,,,
2GTZ,1.7,6/11/2007,HLA-A*02,,ALGIGILTV,FALSE,,,,,,,,
2GUO,1.9,6/11/2007,HLA-A*02,,AAGIGILTV,FALSE,,,,,,,,
2V2W,1.6,11/5/2007,HLA-A*02,,SLYNTVATL,FALSE,,,,,,,,
2V2X,1.6,11/5/2007,HLA-A*02,,SLFNTVATL,FALSE,,,,,,,,
2VLL,1.6,1/21/2008,HLA-A*02,,GILGFVFTL,FALSE,,,,,,,,
2X4N,2.34,3/1/2010,HLA-A*02,,KILGXVFXV,FALSE,,,,,,,,
2X4O,2.3,3/1/2010,HLA-A*02,,KLTPLCVTL,FALSE,,,,,,,,
2X4P,2.3,3/1/2010,HLA-A*02,,MILGGVFXV,FALSE,,,,,,,,
2X4Q,1.9,3/1/2010,HLA-A*02,,MILGGVFXV,FALSE,,,,,,,,
2X4R,2.3,3/1/2010,HLA-A*02,,NLVPMVATV,FALSE,,,,,,,,
2X4S,2.55,3/1/2010,HLA-A*02,,AMDSNTLEL,FALSE,,,,,,,,
2X4T,2.3,3/1/2010,HLA-A*02,,NLVXMVATV,FALSE,,,,,,,,
2X4U,2.1,3/1/2010,HLA-A*02,,ILKEPVHGV,FALSE,,,,,,,,
2X70,2,12/7/2010,HLA-A*02,,KILGGVFXV,FALSE,,,,,,,,
3BGM,1.6,10/20/2008,HLA-A*02,,RQASLSISV,FALSE,,,,,,,,
3BH8,1.65,10/20/2008,HLA-A*02,,RQASIELPSM,FALSE,,,,,,,,
3BH9,1.7,10/20/2008,HLA-A*02,,RTYSGPMNKV,FALSE,,,,,,,,
3BHB,2008-10-20,2.2,HLA-A*02,,KMDSFLDMQL,TRUE,,,,,,,,
3BO8,1.8,12/22/2008,HLA-A*02,,EADPTGHSY,FALSE,,,,,,,,
3D25,2009-02-09,1.3,HLA-A*02,,VLHDDLLEA,TRUE,,,,,,,,
3FQN,2009-03-02,1.65,HLA-A*02,,YLDSGIHSGA,TRUE,,,,,,,,
3FQR,2009-03-02,1.7,HLA-A*02,,YLDSGIHSGA,TRUE,,,,,,,,
3FQT,2009-03-02,1.8,HLA-A*02,,GLLGSPVRA,TRUE,,,,,,,,
3FQU,2009-03-02,1.8,HLA-A*02,,GLLGSPVRA,TRUE,,,,,,,,
3FQW,2009-03-02,1.93,HLA-A*02,,RVASPTSGV,TRUE,,,,,,,,
3FQX,2009-03-02,1.7,HLA-A*02,,RVASPTSGV,TRUE,,,,,,,,
3FT2,1.8,4/27/2009,HLA-A*02,,VLRDDLLEA,FALSE,,,,,,,,
3FT3,1.95,4/27/2009,HLA-A*02,,VLHDDLLEA,FALSE,,,,,,,,
3FT4,1.9,4/27/2009,HLA-A*02,,VLRDDLLEA,FALSE,,,,,,,,
3GIV,2,6/29/2009,HLA-A*02,,SLFNTVATLY,FALSE,,,,,,,,
3GJF,2009-04-27,1.9,HLA-A*02,,SLLMWITQV,TRUE,,,,,,,,
3GSO,1.6,8/3/2009,HLA-A*02,,NLVPMVATV,FALSE,,,,,,,,
3GSQ,2.12,8/3/2009,HLA-A*02,,NLVPSVATV,FALSE,,,,,,,,
3GSR,1.95,8/3/2009,HLA-A*02,,NLVPVVATV,FALSE,,,,,,,,
3GSU,1.8,8/3/2009,HLA-A*02,,NLVPTVATV,FALSE,,,,,,,,
3GSV,1.9,8/3/2009,HLA-A*02,,NLVPQVATV,FALSE,,,,,,,,
3GSW,1.81,8/3/2009,HLA-A*02,,NLVPMVAAV,FALSE,,,,,,,,
3GSX,2.1,8/3/2009,HLA-A*02,,NLVPMVAVV,FALSE,,,,,,,,
3H7B,1.88,1/11/2010,HLA-A*02,,MLWGYLQYV,FALSE,,,,,,,,
3H9H,2,1/11/2010,HLA-A*02,,MLWGYLQYV,FALSE,,,,,,,,
3HAE,2009-05-18,2.9,HLA-A*02,,SLLMWITQV,TRUE,,,,,,,,
3HPJ,2,6/22/2010,HLA-A*02,,RMFPNAPYL,FALSE,,,,,,,,
3I6G,2.2,6/15/2010,HLA-A*02,,GLMWLSYFV,FALSE,,,,,,,,
3I6K,2.8,6/15/2010,HLA-A*02,,TLACFVLAAV,FALSE,,,,,,,,
3IXA,2.1,1/11/2010,HLA-A*02,,LLFGYPVYV,FALSE,,,,,,,,
3KLA,1.65,2/15/2010,HLA-A*02,,SLLMWITQL,FALSE,,,,,,,,
3MGO,2.3,5/18/2010,HLA-A*02,,RLYQNPTTYI,FALSE,,,,,,,,
3MGT,2.2,5/18/2010,HLA-A*02,,KLYQNPTTYI,FALSE,,,,,,,,
3MR9,1.93,5/24/2011,HLA-A*02,,NLVPAVATV,FALSE,,,,,,,,
3MRB,1.4,5/24/2011,HLA-A*02,,NLVPMVHTV,FALSE,,,,,,,,
3MRC,1.8,5/24/2011,HLA-A*02,,NLVPMCATV,FALSE,,,,,,,,
3MRD,1.7,5/24/2011,HLA-A*02,,NLVPMGATV,FALSE,,,,,,,,
3MRE,1.1,5/24/2011,HLA-A*02,,GLCTLVAML,FALSE,,,,,,,,
3MRF,2.3,5/24/2011,HLA-A*02,,GLCPLVAML,FALSE,,,,,,,,
3MRG,1.3,5/24/2011,HLA-A*02,,CINGVCWTV,FALSE,,,,,,,,
3MRH,2.4,5/24/2011,HLA-A*02,,CISGVCWTV,FALSE,,,,,,,,
3MRI,2.1,5/24/2011,HLA-A*02,,CINMWCWTV,FALSE,,,,,,,,
3MRJ,1.87,5/24/2011,HLA-A*02,,CINGMCWTV,FALSE,,,,,,,,
3MRK,1.4,5/24/2011,HLA-A*02,,PLFQVPEPV,FALSE,,,,,,,,
3MRL,2.41,5/24/2011,HLA-A*02,,CINGVVWTV,FALSE,,,,,,,,
3MRM,1.9,5/24/2011,HLA-A*02,,KLVALGINAV,FALSE,,,,,,,,
3MRN,2.3,5/24/2011,HLA-A*02,,LLFNILGGWV,FALSE,,,,,,,,
3MRO,2.35,5/24/2011,HLA-A*02,,ELAGWGILTV,FALSE,,,,,,,,
3MRP,2.1,5/24/2011,HLA-A*02,,ELAGLGINTV,FALSE,,,,,,,,
3MRQ,2.2,5/24/2011,HLA-A*02,,ELAGLGINTV,FALSE,,,,,,,,
3MRR,1.6,5/24/2011,HLA-A*02,,LLAGIGTVPI,FALSE,,,,,,,,
3MYJ,1.89,8/17/2010,HLA-A*02,,YMFPNAPYL,FALSE,,,,,,,,
3O3A,1.8,12/7/2010,HLA-A*02,,XLAXXLTV,FALSE,,,,,,,,
3O3B,1.9,12/7/2010,HLA-A*02,,ELAXXLTV,FALSE,,,,,,,,
3O3D,1.7,12/7/2010,HLA-A*02,,ELAXXLTV,FALSE,,,,,,,,
3O3E,1.85,12/7/2010,HLA-A*02,,XLAXXLTV,FALSE,,,,,,,,
3OX8,2.16,5/3/2011,HLA-A*02,,FLPSDFFPSV,FALSE,,,,,,,,
3OXR,1.7,5/3/2011,HLA-A*02,,FLPSDFFPSV,FALSE,,,,,,,,
3OXS,1.75,5/3/2011,HLA-A*02,,FLPSDFFPSV,FALSE,,,,,,,,
3PWJ,1.7,3/8/2011,HLA-A*02,,LLYGFVNYV,FALSE,,,,,,,,
3PWL,1.65,3/8/2011,HLA-A*02,,LGYGFVNYI,FALSE,,,,,,,,
3PWN,1.6,3/8/2011,HLA-A*02,,LLYGFVNYI,FALSE,,,,,,,,
3QFD,1.68,9/27/2011,HLA-A*02,,AAGIGILTV,FALSE,,,,,,,,
3REW,2012-01-17,1.9,HLA-A*02,,CLGGLLTMV,TRUE,,,,,,,,
3TO2,2.6,8/28/2012,HLA-A*02,,LACFVLAAV,FALSE,,,,,,,,
3UTQ,1.67,1/24/2012,HLA-A*02,,ALWGPDPAAA,FALSE,,,,,,,,
3V5D,2,12/4/2012,HLA-A*02,,KVAELVHFL,FALSE,,,,,,,,
3V5H,1.63,12/4/2012,HLA-A*02,,KVAEIVHFL,FALSE,,,,,,,,
3V5K,2.31,12/18/2012,HLA-A*02,,KVAELVWFL,FALSE,,,,,,,,
4E5X,2012-10-09,1.95,HLA-A*02,,LLFGYPVYV,TRUE,,,,,,,,
4GKN,2.75,9/11/2012,HLA-A*02,,FATGIGIITV,FALSE,,,,,,,,
4GKS,2.35,9/11/2012,HLA-A*02,,FLTGIGIITV,FALSE,,,,,,,,
4I4W,1.77,1/1/2013,HLA-A*02,,ILAKFLHRL,FALSE,,,,,,,,
4JFO,2.11,5/28/2013,HLA-A*02,,ALAGIGILTV,FALSE,,,,,,,,
4JFP,1.91,5/28/2013,HLA-A*02,,ELAAIGILTV,FALSE,,,,,,,,
4JFQ,1.9,5/28/2013,HLA-A*02,,ELAGIGIATV,FALSE,,,,,,,,
4K7F,2,6/4/2013,HLA-A*02,,VCWGELMNL,FALSE,,,,,,,,
4L29,3.09,12/24/2013,HLA-A*02,,YLLMWITQV,FALSE,,,,,,,,
4L3C,2013-12-24,2.64,HLA-A*02,,YLLMWITQV,TRUE,,,,,,,,
4NNX,2014-11-18,2.1,HLA-A*02,,RQASLSISV,TRUE,,,,,,,,
4NNY,2014-11-18,1.9,HLA-A*02,,RQASLSISV,TRUE,,,,,,,,
4NO0,2014-11-18,2.7,HLA-A*02,,RQASIELPSMAV,TRUE,,,,,,,,
4NO2,2014-11-18,2,HLA-A*02,,RQASIELPSMAV,TRUE,,,,,,,,
4NO3,2014-12-23,1.7,HLA-A*02,,RQISQDVKL,TRUE,,,,,,,,
4NO5,2014-12-23,2.1,HLA-A*02,,RQISQDVKL,TRUE,,,,,,,,
4NQV,2.39,12/24/2013,HLA-A*02,,CTELKLSDY,FALSE,,,,,,,,
4NQX,2,12/24/2013,HLA-A*02,,CTELKLNDY,FALSE,,,,,,,,
4U6X,1.68,12/23/2014,HLA-A*02,,ALQDAGDSSRKEYFI,FALSE,,,,,,,,
4U6Y,1.47,12/23/2014,HLA-A*02,,FLNKDLEVDGHFVTM,FALSE,,,,,,,,
4UQ3,2.1,9/16/2014,HLA-A*02,,GLSXXL,FALSE,,,,,,,,
4WJ5,1.65,10/28/2014,HLA-A*02,,XVAGIGILTX,FALSE,,,,,,,,
4WUU,2015-12-29,3.05,HLA-A*02,,RMFPNAPYL,TRUE,,,,,,,,
5C0D,1.68,5/3/2016,HLA-A*02,,AQWGPDPAAA,FALSE,,,,,,,,
5C0E,1.49,5/3/2016,HLA-A*02,,YQFGPDFPIA,FALSE,,,,,,,,
5C0F,1.46,5/3/2016,HLA-A*02,,RQWGPDPAAV,FALSE,,,,,,,,
5C0G,1.37,5/3/2016,HLA-A*02,,YLGGPDFPTI,FALSE,,,,,,,,
5C0I,1.53,5/3/2016,HLA-A*02,,RQFGPDFPTI,FALSE,,,,,,,,
5C0J,1.64,5/3/2016,HLA-A*02,,RQFGPDWIVA,FALSE,,,,,,,,
5D9S,1.87,7/5/2016,HLA-A*02,,FVLELEPEWTV,FALSE,,,,,,,,
5DDH,2016-07-26,1.5,HLA-A*02,,FVLELEPEWTVK,TRUE,,,,,,,,
5ENW,2016-11-08,1.85,HLA-A*02,,GLKEGIPAL,TRUE,,,,,,,,
5EOT,2.1,12/6/2016,HLA-A*02,,GLLPELPAVGG,FALSE,,,,,,,,
5EU3,1.97,3/1/2016,HLA-A*02,,YLEPGPVTA,FALSE,,,,,,,,
5EU4,2.12,3/1/2016,HLA-A*02,,YLAPGPVTA,FALSE,,,,,,,,
5EU5,1.54,3/1/2016,HLA-A*02,,YLEPAPVTA,FALSE,,,,,,,,
5F7D,2016-12-20,2.3,HLA-A*02,,GLKEGIPALD,TRUE,,,,,,,,
5F9J,2016-12-20,2.51,HLA-A*02,,YLSPIASPL,TRUE,,,,,,,,
5FA3,2016-12-20,1.86,HLA-A*02,,GLLPELPAV,TRUE,,,,,,,,
5FA4,2.4,12/20/2016,HLA-A*02,,YLSPIASPLLD,FALSE,,,,,,,,
5FDW,2.7,12/20/2016,HLA-A*02,,YLSPIASPLL,FALSE,,,,,,,,
5HHN,2.03,3/22/2016,HLA-A*02,,GILGLVFTL,FALSE,,,,,,,,
5HHP,1.9,3/22/2016,HLA-A*02,,GILEFVFTL,FALSE,,,,,,,,
5HHQ,2.1,3/22/2016,HLA-A*02,,GIWGFVFTL,FALSE,,,,,,,,
5IRO,2016-08-23,2.64,HLA-A*02,,LLFGYPVYV,TRUE,,,,,,,,
5MEO,1.77,12/6/2016,HLA-A*02,,ILGKFLHRL,FALSE,,,,,,,,
5MEP,2.71,12/6/2016,HLA-A*02,,ILGKFLHWL,FALSE,,,,,,,,
5MEQ,2.27,12/6/2016,HLA-A*02,,ILAKFLHTL,FALSE,,,,,,,,
5MER,1.88,12/6/2016,HLA-A*02,,ILAKFLHEL,FALSE,,,,,,,,
5N1Y,1.39,2/14/2017,HLA-A*02,,MVWGPDPLYV,FALSE,,,,,,,,
5N6B,1.71,10/17/2017,HLA-A*02,,LLWNGPMAV,FALSE,,,,,,,,
5NMH,2017-11-14,1.55,HLA-A*02,,SLYNTIATL,TRUE,,,,,,,,
5SWQ,2016-10-04,2,HLA-A*02,,CVNGSCFTV,TRUE,,,,,,,,
5WSH,2,12/19/2017,HLA-A*02,,GVWIRTPTA,FALSE,,,,,,,,
6AMT,2.5,8/14/2018,HLA-A*02,,MMWDRGLGMM,FALSE,,,,,,,,
6AT9,2.95,3/20/2018,HLA-A*02,,AQDIYRASYY,FALSE,,,,,,,,
6EWA,2018-11-06,2.39,HLA-A*02,,ILKEPVHGV,TRUE,,,,,,,,
6EWC,2018-11-06,3.2,HLA-A*02,,RLSSPLHFV,TRUE,,,,,,,,
6EWO,2018-11-06,2.3,HLA-A*02,,RTFSPTYGL,TRUE,,,,,,,,
6G3J,2.45,2/19/2019,HLA-A*02,,MTSAIGILPV,FALSE,,,,,,,,
6G3K,2.9,9/3/2019,HLA-A*02,,ITSGIGVLPV,FALSE,,,,,,,,
6MPP,null,10/15/2019,HLA-A*02,,ILDTAGKEEY,FALSE,,,,,,,,
6NCA,3.3,10/22/2019,HLA-A*02,,YVLDHLIVV,FALSE,,,,,,,,
6O4Y,2020-01-14,1.58,HLA-A*02,,KLVVGAVGV,TRUE,,,,,,,,
6O4Z,2020-01-14,1.5,HLA-A*02,,KLVVVAVGV,TRUE,,,,,,,,
6O51,2020-01-14,1.55,HLA-A*02,,YLVVVGAVGV,TRUE,,,,,,,,
6O53,2020-01-14,1.4,HLA-A*02,,KLVVVGAVGV,TRUE,,,,,,,,
6OPD,1.79,9/3/2019,HLA-A*02,,ILNAMIVKI,FALSE,,,,,,,,
6PTB,2.15,9/3/2019,HLA-A*02,,ILNAMIAKI,FALSE,,,,,,,,
6PTE,1.9,9/3/2019,HLA-A*02,,ILNAMITKI,FALSE,,,,,,,,
6Q3K,1.5,7/23/2019,HLA-A*02,,NLVPMVATV,FALSE,,,,,,,,
6SS7,2.5,7/14/2020,HLA-A*02,,LLWAGPMAV,FALSE,,,,,,,,
6SS8,2.24,7/14/2020,HLA-A*02,,LLWNGPIAV,FALSE,,,,,,,,
6SS9,2.7,7/14/2020,HLA-A*02,,LLWNGPMHV,FALSE,,,,,,,,
6SSA,2.11,7/14/2020,HLA-A*02,,LLWNGPMQV,FALSE,,,,,,,,
6TRN,1.35,6/23/2020,HLA-A*02,,AVYDGREHTV,FALSE,,,,,,,,
6UJO,2.25,8/18/2020,HLA-A*02,,KQWLVWLFL,FALSE,,,,,,,,
6UJQ,2.55,8/18/2020,HLA-A*02,,KQWLVWLLL,FALSE,,,,,,,,
6VR1,2.37,6/9/2020,HLA-A*02,,HMTEVVRRC,FALSE,,,,,,,,
6VR5,2.38,6/16/2020,HLA-A*02,,HMTEVVRHC,FALSE,,,,,,,,
6W51,2021-03-17,3.53,HLA-A*02,,HMTEVVRHC,TRUE,,,,,,,,
6Z9V,2.01,6/30/2021,HLA-A*02,,IIGWMWIPV,FALSE,,,,,,,,
6Z9W,2.7,6/30/2021,HLA-A*02,,LLGWVFAQV,FALSE,,,,,,,,
6Z9X,2.68,6/30/2021,HLA-A*02,,LLSXFGTPT,FALSE,,,,,,,,
7BBG,2021-10-27,2.64,HLA-A*02,,RMFPNAPYL,TRUE,,,,,,,,
7EU2,2.8,8/25/2021,HLA-A*02,,KIADYNYKL,FALSE,,,,,,,,
7KGO,2021-01-20,2.15,HLA-A*02,,ILLNKHIDA,TRUE,,,,,,,,
7KGP,2021-01-20,1.4,HLA-A*02,,GMSRIGMEV,TRUE,,,,,,,,
7KGQ,2021-01-20,1.34,HLA-A*02,,LLLDRLNQL,TRUE,,,,,,,,
7KGR,2021-01-20,1.55,HLA-A*02,,LQLPQGTTL,TRUE,,,,,,,,
7KGS,2021-01-20,1.58,HLA-A*02,,ALNTPKDHI,TRUE,,,,,,,,
7KGT,2021-01-20,1.9,HLA-A*02,,RLNQLESKM,TRUE,,,,,,,,
7LG2,2.4,2/3/2021,HLA-A*02,,ALWEIQQVV,FALSE,,,,,,,,
7LG3,2.3,2/3/2021,HLA-A*02,,KLWAQCVQL,FALSE,,,,,,,,
7M8S,2.35,6/23/2021,HLA-A*02,,KLNDLCFTNV,FALSE,,,,,,,,
7MJ6,1.95,8/18/2021,HLA-A*02,,LLLPLLPPL,FALSE,,,,,,,,
7MJ7,1.6,8/18/2021,HLA-A*02,,LLLPLLPPLSP,FALSE,,,,,,,,
7MJ8,1.79,8/18/2021,HLA-A*02,,LLLPLLPPLSPS,FALSE,,,,,,,,
7MJ9,1.75,8/18/2021,HLA-A*02,,LLLPRLPPL,FALSE,,,,,,,,
7MKB,1.9,5/26/2021,HLA-A*02,,YLQPRTFLL,FALSE,,,,,,,,
7N1A,2.06,7/28/2021,HLA-A*02,,YLQPRTFLL,FALSE,,,,,,,,
7N1B,2.81,7/28/2021,HLA-A*02,,RLQSLQTYV,FALSE,,,,,,,,
7N6D,2.3,7/28/2021,HLA-A*02,,YLQPRTFLL,FALSE,,,,,,,,
7P3D,1.67,7/28/2021,HLA-A*02,,YLQPRTFLL,FALSE,,,,,,,,
7P3E,2,7/28/2021,HLA-A*02,,YLQLRTFLL,FALSE,,,,,,,,
7NDU,2.9,1/26/2022,HLA-E,Human,RMYSPVSIX,TRUE,Gag:02,TRAV4,TRBV7-9,76.6,20.1,1976.6,0.62,0
7NDT,3,1/26/2022,HLA-E,Human,VMAPRTLIX,TRUE,UL40:01,TRAV26-1,TRBV14,36.4,7.6,1942.7,0.6,0
5W1W,3.1,10/4/2017,HLA-E,Human,VMAPRTLVL,TRUE,GF4,TRAV35,TRBV9,67.4,8,2105.1,0.72,0
7RE7,2022-07-27,2.55,HLA-A*02,,FMNKFIYEI,TRUE,,,,,,,,
7RE8,2.82,7/27/2022,HLA-A*02,,FMNKFIYEI,FALSE,,,,,,,,
7RTD,2.05,10/13/2021,HLA-A*02,,YLQPRTFLL,FALSE,,,,,,,,
7SA2,1.85,9/21/2022,HLA-A*02,,VVFLHVTYV,FALSE,,,,,,,,
7SIS,1.9,11/23/2022,HLA-A*02,,VLNDILSRL,FALSE,,,,,,,,
7T5M,2022-12-14,1.67,HLA-A*02,,FLPTPEELGLLGPPRPQVLA,TRUE,,,,,,,,
7TR4,2022-11-23,2.3,HLA-A*02,,ELAGIGILTV,TRUE,,,,,,,,
7U21,1.9,6/1/2022,HLA-A*02,,AVGSYVYSV,FALSE,,,,,,,,
5W1V,3.31,10/4/2017,HLA-E,Human,VMAPRTLIL,TRUE,GF4,TRAV35,TRBV9,68.8,7.1,2120.7,0.7,0
7BYD,,,Mamu-B*05104,Human,GGAI,TRUE,SN45,TRAV4,TRBV3-2,36.7,7.9,1800,0.62,0
7JWI,3.02,7/7/2021,H2Db,Mouse,ASNENMETM,TRUE,B17.R2,TRAV14-1,TRBV17,127.1,49.9,1849.6,0.65,0
7JWJ,3.25,7/7/2021,H2Db,Mouse,ASNENMETM,TRUE,B17-C1,TRAV4-4/DV10,TRBV17,15.5,11.8,1514.9,0.54,0
1MHC,2.1,1/28/1996,H2-M3,,MYFINILTL,FALSE,,,,,,,,
7LFI,1.7,7/14/2021,H2-M3,,MFFINIL,FALSE,,,,,,,,
7LFJ,1.7,7/14/2021,H2-M3,,MFFINAL,FALSE,,,,,,,,
7LFK,1.6,7/14/2021,H2-M3,,MFFINTL,FALSE,,,,,,,,
7LFL,1.6,7/14/2021,H2-M3,,MFFINVL,FALSE,,,,,,,,
7LFM,1.6,7/14/2021,H2-M3,,MFFINVL,FALSE,,,,,,,,
1LD9,2.4,5/5/1998,H2-Ld,,YPNVNIHNF,FALSE,,,,,,,,
2E7L,,,H2-Ld,Mouse,QLSPFPFDL,TRUE,2C*,TRAV9-4,TRBV13-2,44.6,6.5,1868.2,0.68,0
2OI9,,,H2-Ld,Mouse,QLSPFPFDL,TRUE,2C,TRAV9-4,TRBV13-2,47.9,8.1,1715.1,0.72,1
3E2H,,,H2-Ld,Mouse,QLSPFPFDL,TRUE,2C*,TRAV9-4,TRBV13-2,46.1,8.7,1766.6,0.59,1
3E3Q,,,H2-Ld,Mouse,QLSPFPFDL,TRUE,2C*,TRAV9-4,TRBV13-2,44.5,7.8,1665.3,0.68,1
3TF7,2.75,12/7/2011,H2-Ld,Mouse,QLSPFPFDL,TRUE,42F3,TRAV9D-3,TRBV13-1,50.4,23.1,1353.2,0.66,1
3TFK,2.75,12/7/2011,H2-Ld,Mouse,QLSDVPMDL,TRUE,42F3,TRAV9D-3,TRBV13-1,45.5,25.7,1632.7,0.63,0
3TJH,2.12,12/7/2011,H2-Ld,Mouse,SPLDSLWWI,TRUE,42F3,TRAV9D-3,TRBV13-1,23.7,28.7,1627.9,0.6,1
3TJH,2011-12-07,2.12,H2-Ld,,SPLDSLWWI,TRUE,,,,,,,,
3TPU,3.1,12/7/2011,H2-Ld,Mouse,FLSPFWFDI,TRUE,42F3,TRAV9D-3,TRBV13-1,41.9,11.6,2179.7,0.68,1
4MS8,1.92,9/24/2014,H2-Ld,Mouse,SPAEAGFFL,TRUE,42F3,TRAV9D-3,TRBV13-1,63.6,17.1,1535,0.67,0
4MVB,3.09,8/19/2015,H2-Ld,Mouse,QPAEGGFQL,TRUE,42F3,TRAV9D-3,TRBV13-1,58,13.5,1638.9,0.6,0
4MXQ,2.6,8/19/2015,H2-Ld,Mouse,SPAPRPLDL,TRUE,42F3,TRAV9D-3,TRBV13-1,47.5,21.5,1575.3,0.59,0
4N0C,2.9,8/19/2015,H2-LD,Mouse,MPAGRPWDL,TRUE,42F3,TRAV9D-3,TRBV13-1,45.3,22,1550.6,0.61,0
4N5E,,,H2-Ld,Mouse,VPYMAEFGM,TRUE,42F3,TRAV9D-3,TRBV13-1,45.2,22,1734.2,0.61,0
4NHU,,,H2-Ld,Mouse,GGAPWNPAMMI,TRUE,2C*,TRAV9-4,TRBV13-2,92.7,18.1,1505.4,0.69,0
6L9K,1.8,11/18/2020,H2-Ld,,SPSYAYHQF,FALSE,,,,,,,,
6L9L,2.4,11/18/2020,H2-Ld,Mouse,SPSYAYHQF,TRUE,1D4,TRAV21/DV12,TRBV13-1,41.1,14.4,1701.3,0.62,0
6L9M,2.6,11/18/2020,H2-Ld,,SPSYVYHQF,FALSE,,,,,,,,
6L9N,2.6,11/18/2020,H2-Ld,,SPSYAYHQF,FALSE,,,,,,,,
8D5N,1.8,9/14/2022,H2-Ld,,HPGSVNEFDFGCGGSG,FALSE,,,,,,,,
8D5Q,2.5,9/14/2022,H2-Ld,Mouse,HPGSVNEFDF,TRUE,TG6,TRAV6-7/DV9,TRBV1,31.2,9.4,1632.4,0.74,0
3FOL,2.5,1/11/2010,H2-Kwm7,,VNDIFERI,FALSE,,,,,,,,
3FOM,2.1,1/11/2010,H2-Kwm7,,IQQSIERI,FALSE,,,,,,,,
3FON,2.03,1/11/2010,H2-Kwm7,,VNDIFEAI,FALSE,,,,,,,,
1ZT1,2.5,10/17/2005,H2-Kk,,FEANGNLI,FALSE,,,,,,,,
1ZT7,3,10/17/2005,H2-Kk,,SEFLLEKRI,FALSE,,,,,,,,
1VGK,2005-06-27,2.06,H2-Kd,,SYVNTNMGL,TRUE,,,,,,,,
2FWO,2.6,2/20/2006,H2-Kd,,TYQRTRALV,FALSE,,,,,,,,
4WDI,2.31,6/23/2015,H2-Kd,,LYLVCGERG,FALSE,,,,,,,,
4Z76,1.88,6/23/2015,H2-Kd,,LYLVCGERV,FALSE,,,,,,,,
4Z77,1.85,6/23/2015,H2-Kd,,LYLVCGERV,FALSE,,,,,,,,
4Z78,2.3,6/23/2015,H2-Kd,,LYLVCGERGF,FALSE,,,,,,,,
5GR7,2017-06-06,2.4,H2-Kd,,YYSIIPHSI,TRUE,,,,,,,,
5GSB,2017-07-11,1.8,H2-Kd,,KYYSIIPHSI,TRUE,,,,,,,,
5GSR,2017-04-25,2.2,H2-Kd,,YYSIAPHSI,TRUE,,,,,,,,
5GSV,2017-04-25,2,H2-Kd,,FYAPEPITSL,TRUE,,,,,,,,
5GSX,2017-06-06,2.5,H2-Kd,,FYAPEPITSL,TRUE,,,,,,,,
5TRZ,2.25,5/8/2018,H2-Kd,,YQSGLSIVM,FALSE,,,,,,,,
5TS1,2.3,5/8/2018,H2-Kd,,YYQSGLSIV,FALSE,,,,,,,,
8D5J,1.95,7/6/2022,H2-Kd,,KYLQVASHV,FALSE,,,,,,,,
8D5K,2.07,7/6/2022,H2-Kd,,KYRQVASHV,FALSE,,,,,,,,
1FZM,1.8,3/27/2001,H2-Kbm8,,RGYVYQGL,FALSE,,,,,,,,
1FZO,1.8,3/27/2001,H2-Kbm8,,FAPGNYPAL,FALSE,,,,,,,,
1RJY,1.9,12/13/2004,H2-Kbm8,,SSIEFARL,FALSE,,,,,,,,
1RJZ,2.6,12/13/2004,H2-Kbm8,,SEIEFARL,FALSE,,,,,,,,
2CLV,1.9,6/13/2006,H2-Kbm8,,SQYYYNSL,FALSE,,,,,,,,
2CLZ,1.9,6/13/2006,H2-Kbm8,,INFDFNTI,FALSE,,,,,,,,
2OL3,2.9,4/3/2007,H2-Kbm8,Mouse,SQYYYNSL,TRUE,BM3.3,TRAV16,TRBV1,42.3,14.2,1536.5,0.61,2
1MWA,2.4,11/27/2002,H2-Kbm3,Mouse,EQYKFYSV,TRUE,2C,TRAV9-4,TRBV13-2,22.5,8.7,2020.2,0.62,1
1BQH,1998-08-18,2.8,H2-Kb,,RGYVYQGL,TRUE,,,,,,,,
1FO0,2.5,10/2/2000,H2-Kb,Mouse,INFDFNTI,TRUE,BM3.3,TRAV16,TRBV1,41.3,12.4,1375,0.6,2
1FZJ,1.9,3/27/2001,H2-Kb,,RGYVYQGL,FALSE,,,,,,,,
1FZK,1.7,3/27/2001,H2-Kb,,FAPGNYPAL,FALSE,,,,,,,,
1G6R,2.8,11/15/2000,H2-Kb,Mouse,SIYRYYGL,TRUE,2C,TRAV9-4,TRBV13-2,22.5,8.5,1847.1,0.49,4
1G7P,1.5,7/16/2002,H2-Kb,,SRDHSRTPM,FALSE,,,,,,,,
1G7Q,1.6,7/16/2002,H2-Kb,,SAPDTRPA,FALSE,,,,,,,,
1KBG,2.2,2/8/1999,H2-Kb,,RGYVYMGL,FALSE,,,,,,,,
1KJ2,2.71,3/27/2002,H2-Kb,Mouse,KVITFIDL,TRUE,KB5-C20,TRAV14-1,TRBV1,30.6,6.1,1821.1,0.56,0
1KJ3,2.3,3/26/2002,H2-Kb,,KVITFIDL,FALSE,,,,,,,,
1KPU,1.5,6/9/2003,H2-Kb,,RGYVYQGL,FALSE,,,,,,,,
1KPV,1.71,6/9/2003,H2-Kb,,FAPGNYPAL,FALSE,,,,,,,,
1LEG,1.75,6/18/2002,H2-Kb,,EQYKFYSV,FALSE,,,,,,,,
1LEK,2.15,6/25/2002,H2-Kb,,EQYKFYSV,FALSE,,,,,,,,
1LK2,1.35,11/10/2003,H2-Kb,,GNYSFYAL,FALSE,,,,,,,,
1N59,2.95,1/6/2003,H2-Kb,,KAVYNFATM,FALSE,,,,,,,,
1NAM,2.7,3/11/2003,H2-Kb,Mouse,RGYVYQGL,TRUE,BM3.3,TRAV16,TRBV1,40,11.6,1612.9,0.6,1
1NAN,2.3,3/10/2003,H2-Kb,,INFDFNTI,FALSE,,,,,,,,
1OSZ,2.1,1/12/1999,H2-Kb,,RGYLYQGL,FALSE,,,,,,,,
1P1Z,2003-11-10,3.26,H2-Kb,,SIINFEKL,TRUE,,,,,,,,
1P4L,2003-11-10,2.9,H2-Kb,,SIINFEKL,TRUE,,,,,,,,
1RK0,2.61,12/13/2004,H2-Kb,,SSIEFARL,FALSE,,,,,,,,
1RK1,2.1,12/13/2004,H2-Kb,,SEIEFARL,FALSE,,,,,,,,
1S7Q,1.99,5/3/2004,H2-Kb,,KAVYNFATM,FALSE,,,,,,,,
1S7R,2.95,5/3/2004,H2-Kb,,KAVYNLATM,FALSE,,,,,,,,
1S7S,1.99,5/3/2004,H2-Kb,,KALYNFATM,FALSE,,,,,,,,
1S7T,2.3,5/3/2004,H2-Kb,,KAVFNFATM,FALSE,,,,,,,,
1T0M,2,11/22/2004,H2-Kb,,SSIEFARL,FALSE,,,,,,,,
1VAC,2.5,6/19/1996,H2-Kb,,SIINFEKL,FALSE,,,,,,,,
1VAD,2.5,6/19/1996,H2-Kb,,SRDHSRTPM,FALSE,,,,,,,,
1WBZ,2,1/18/2005,H2-Kb,,SSYRRPVGI,FALSE,,,,,,,,
2CKB,3,4/29/1998,H2-Kb,Mouse,EQYKFYSV,TRUE,2C,TRAV9-4,TRBV13-2,22.3,7.9,1980.5,0.41,0
2FO4,2.7,11/13/2006,H2-Kb,,SAPDFRPL,FALSE,,,,,,,,
2MHA,2.5,10/30/1993,H2-Kb,,RGYVYQGL,FALSE,,,,,,,,
2VAA,2.3,6/19/1996,H2-Kb,,RGYVYQGL,FALSE,,,,,,,,
2VAB,2.5,6/19/1996,H2-Kb,,FAPGNYPAL,FALSE,,,,,,,,
2ZSV,1.8,11/3/2008,H2-Kb,,RAQIFANI,FALSE,,,,,,,,
2ZSW,2.8,11/3/2008,H2-Kb,,RAYIFANI,FALSE,,,,,,,,
3C8K,2008-04-14,2.9,H2-Kb,,SIINFEKL,TRUE,,,,,,,,
3CVH,2008-09-22,2.9,H2-Kb,,SIINFEKL,TRUE,,,,,,,,
3P4M,2.5,10/11/2011,H2-Kb,,YTVKYPNL,FALSE,,,,,,,,
3P4N,2.5,10/11/2011,H2-Kb,,YTVKFPNM,FALSE,,,,,,,,
3P4O,2.3,10/11/2011,H2-Kb,,YTAKYPNL,FALSE,,,,,,,,
3P9L,2,10/18/2011,H2-Kb,,SIINFEKL,FALSE,,,,,,,,
3P9M,2,10/18/2011,H2-Kb,,SIIGFEKL,FALSE,,,,,,,,
3PAB,2.2,10/18/2011,H2-Kb,,EIINFEKL,FALSE,,,,,,,,
3RGV,2.9,7/20/2011,H2-Kb,Mouse,WIYVYRPMGCGGS,TRUE,Yae62,TRAV6D-3,TRBV13-2,52,7.7,1593,0.57,1
3ROL,2.6,4/3/2012,H2-Kb,,AVYNFATM,FALSE,,,,,,,,
3ROO,2,4/3/2012,H2-Kb,,AVYNFATM,FALSE,,,,,,,,
3TID,2012-08-21,1.65,H2-Kb,,AVYNFATM,TRUE,,,,,,,,
3TIE,2012-08-21,2.25,H2-Kb,,AIVNYANL,TRUE,,,,,,,,
4HKJ,2012-11-13,3,H2-Kb,,SIINFEKL,TRUE,,,,,,,,
4HS3,2.1,5/6/2014,H2-Kb,,AVYNFATM,FALSE,,,,,,,,
4PG9,2.4,1/6/2015,H2-Kb,,FAPGNYPAL,FALSE,,,,,,,,
4PGB,2.8,1/6/2015,H2-Kb,,FAPGNWPAL,FALSE,,,,,,,,
4PGD,2.7,1/6/2015,H2-Kb,,FAPGNYPAF,FALSE,,,,,,,,
4PGE,2,1/6/2015,H2-Kb,,FAPGNYPAW,FALSE,,,,,,,,
4PV8,2.31,4/22/2014,H2-Kb,,RAFIFANI,FALSE,,,,,,,,
4PV9,2,4/22/2014,H2-Kb,,RAVIFANI,FALSE,,,,,,,,
6JQ2,2.4,3/31/2020,H2-Kb,,SIIVFNLV,FALSE,,,,,,,,
6JQ3,2.5,5/5/2020,H2-Kb,,SIIVFNLL,FALSE,,,,,,,,
6WL2,2020-12-23,3.3,H2-Kb,,RGYVYQGL,TRUE,,,,,,,,
6WL3,2020-12-23,3.45,H2-Kb,,RGYLYQGL,TRUE,,,,,,,,
6WL4,2020-12-23,3.6,H2-Kb,,RGYVYQGL,TRUE,,,,,,,,
7JI2,1.95,12/23/2020,H2-Kb,,SIIQFEHL,FALSE,,,,,,,,
7WCY,2.36,12/28/2022,H2-Kb,,SVFAIFAAL,FALSE,,,,,,,,
1BII,2.4,10/13/1998,H2-Dd,,RGPGRAFVTI,FALSE,,,,,,,,
1DDH,1999-01-12,3.1,H2-Dd,,RGPGRAFVTI,TRUE,,,,,,,,
1QO3,2000-01-01,2.3,H2-Dd,,RGPGRAFVTI,TRUE,,,,,,,,
3DMM,2009-07-13,2.6,H2-Dd,,RGPGRAFVTI,TRUE,,,,,,,,
3E6F,2009-08-17,2.41,H2-Dd,,IGPGRAFYA,TRUE,,,,,,,,
3E6H,2.1,8/17/2009,H2-Dd,,IGPGRAFYTI,FALSE,,,,,,,,
3ECB,1.7,7/13/2009,H2-Dd,,RGPGRAFVTI,FALSE,,,,,,,,
5IVX,2.1,3/29/2017,H2-Dd,Mouse,RGPGRAFVTI,TRUE,B4.2.3,TRAV14-3,TRBV29,30.2,23.8,1948.4,0.71,0
5KD4,3.05,10/10/2017,H2-Dd,,IGPGRAFYVI,FALSE,,,,,,,,
5KD7,2.35,10/10/2017,H2-Dd,,IGPGRAFYV,FALSE,,,,,,,,
5T7G,1.96,10/10/2017,H2-Dd,,IGPGRAFYT,FALSE,,,,,,,,
5WES,2.71,10/17/2017,H2-Dd,,RGPGC,FALSE,,,,,,,,
5WET,2.64,10/17/2017,H2-Dd,,RGPGCA,FALSE,,,,,,,,
5WEU,1.58,10/17/2017,H2-Dd,,RGPGCAFVTI,FALSE,,,,,,,,
6NPR,2.37,1/21/2020,H2-Dd,,RGPGRAFVTI,FALSE,,,,,,,,
8D5E,2.46,7/6/2022,H2-Dd,,TGAASFDEF,FALSE,,,,,,,,
8D5F,2.31,7/6/2022,H2-Dd,,TGAARFDEF,FALSE,,,,,,,,
1BZ9,2.8,5/23/1999,H2-Db,,FAPGVFPYM,FALSE,,,,,,,,
1CE6,1999-03-25,2.9,H2-Db,,FAPGNYPAL,TRUE,,,,,,,,
1FFN,2.7,12/10/2002,H2-Db,,KAVYNFATM,FALSE,,,,,,,,
1FFO,2.65,12/10/2002,H2-Db,,AAVYNFATM,FALSE,,,,,,,,
1FFP,2.6,12/10/2002,H2-Db,,SAVYNFATM,FALSE,,,,,,,,
1FG2,2.75,10/3/2000,H2-Db,,KAVYNFATC,FALSE,,,,,,,,
1HOC,2.4,4/29/1994,H2-Db,,ASNENMETM,FALSE,,,,,,,,
1INQ,2.2,3/19/2002,H2-Db,,SSVVGVWYL,FALSE,,,,,,,,
1JPF,2.18,10/23/2001,H2-Db,,SGVENPGGYCL,FALSE,,,,,,,,
1JPG,2.2,10/23/2001,H2-Db,,FQPQNGQFI,FALSE,,,,,,,,
1JUF,2,3/19/2002,H2-Db,,SSVIGVWYL,FALSE,,,,,,,,
1N3N,3,5/26/2003,H2-Db,,SALQNAASIA,FALSE,,,,,,,,
1N5A,2.85,1/6/2003,H2-Db,,KAVYNFATM,FALSE,,,,,,,,
1QLF,1999-08-31,2.65,H2-Db,,FAPSNYPAL,TRUE,,,,,,,,
1S7U,2.2,5/3/2004,H2-Db,,KAVYNFATM,FALSE,,,,,,,,
1S7V,2.2,5/3/2004,H2-Db,,KAVYNLATM,FALSE,,,,,,,,
1S7W,2.4,5/3/2004,H2-Db,,KALYNFATM,FALSE,,,,,,,,
1S7X,2.41,5/3/2004,H2-Db,,KAVFNFATM,FALSE,,,,,,,,
1WBX,1.9,1/18/2005,H2-Db,,SQLKNNAKEI,FALSE,,,,,,,,
1WBY,2.3,1/18/2005,H2-Db,,SSLENFRAYV,FALSE,,,,,,,,
1YN6,2.2,6/27/2005,H2-Db,,SSLENFRAYV,FALSE,,,,,,,,
1YN7,2.2,6/27/2005,H2-Db,,SSLENFAAYV,FALSE,,,,,,,,
1ZHB,2.7,6/13/2005,H2-Db,,KALYNYAPI,FALSE,,,,,,,,
2CII,2006-03-28,2.55,H2-Db,,FAPGNYPAL,TRUE,,,,,,,,
2F74,2.7,2/13/2006,H2-Db,,KAVYNFATM,FALSE,,,,,,,,
2VE6,2008-01-21,2.65,H2-Db,,FAPGNYXAL,TRUE,,,,,,,,
2ZOK,2.1,6/9/2008,H2-Db,,ASLWNGPHL,FALSE,,,,,,,,
2ZOL,2.7,6/9/2008,H2-Db,,ASLSNGPHL,FALSE,,,,,,,,
3BUY,2.6,3/24/2008,H2-Db,,LSLRNPILV,FALSE,,,,,,,,
3CC5,1.91,3/2/2009,H2-Db,,KVPRNQDWL,FALSE,,,,,,,,
3CCH,2.6,3/9/2009,H2-Db,,EGSRNQDWL,FALSE,,,,,,,,
3CH1,2.3,3/30/2009,H2-Db,,EGPRNQDWL,FALSE,,,,,,,,
3CPL,2.5,11/17/2008,H2-Db,,ASNENAETM,FALSE,,,,,,,,
3FTG,2.6,12/28/2009,H2-Db,,ASAENMETM,FALSE,,,,,,,,
3L3H,2.7,3/15/2010,H2-Db,,SSLENARAYV,FALSE,,,,,,,,
3PQY,3.19,5/18/2011,H2-Db,Mouse,SSLENFRAYV,TRUE,6218,TRAV21/DV12,TRBV29,50.3,18.8,1654.7,0.68,0
3QUK,2.41,3/20/2012,H2-Db,,KAVANFATM,FALSE,,,,,,,,
3QUL,2,3/20/2012,H2-Db,,KAVSNFATM,FALSE,,,,,,,,
3TBS,2.49,8/7/2012,H2-Db,,KAPANFATM,FALSE,,,,,,,,
3TBT,2.3,8/7/2012,H2-Db,,KAPSNFATM,FALSE,,,,,,,,
3TBV,2.1,8/7/2012,H2-Db,,KGPANFATM,FALSE,,,,,,,,
3TBW,2.15,8/7/2012,H2-Db,,KGPSNFATM,FALSE,,,,,,,,
3TBY,2.5,8/7/2012,H2-Db,,KAPFNFATM,FALSE,,,,,,,,
3WS3,2.33,3/25/2014,H2-Db,,YQLENYCGL,FALSE,,,,,,,,
3WS6,1.98,3/25/2014,H2-Db,,YAIENYLEL,FALSE,,,,,,,,
4HUU,2,2/26/2013,H2-Db,,ASNENIETM,FALSE,,,,,,,,
4HUV,2.5,2/26/2013,H2-Db,,ASNENWETM,FALSE,,,,,,,,
4HUW,3.16,2/26/2013,H2-Db,,ASNENTETM,FALSE,,,,,,,,
4HUX,2.2,2/26/2013,H2-Db,,ASNENMETM,FALSE,,,,,,,,
4HV8,2,2/26/2013,H2-Db,,ASNENIETM,FALSE,,,,,,,,
4IHO,2.8,9/10/2013,H2-Db,,EGPRNQDWL,FALSE,,,,,,,,
4L8B,2.2,10/15/2013,H2-Db,,ASNEHMETM,FALSE,,,,,,,,
4L8C,2.8,10/15/2013,H2-Db,,ASDENMETM,FALSE,,,,,,,,
4L8D,1.9,10/15/2013,H2-Db,,ASNEDMETM,FALSE,,,,,,,,
4NSK,2.6,12/31/2013,H2-Db,,KAPYNFATM,FALSE,,,,,,,,
4PG2,2.8,9/9/2014,H2-Db,,CSLWNGPHL,FALSE,,,,,,,,
5E8N,2.25,2/2/2016,H2-Db,,MCLRMTAVM,FALSE,,,,,,,,
5E8O,1.98,2/2/2016,H2-Db,,MALRMTAVM,FALSE,,,,,,,,
5E8P,2,2/2/2016,H2-Db,,MCLRLTAVM,FALSE,,,,,,,,
5JWD,2.5,5/23/2017,H2-Db,,WLVTNGSYL,FALSE,,,,,,,,
5JWE,2.4,5/23/2017,H2-Db,,CSANNSHHYI,FALSE,,,,,,,,
5M00,1.95,12/20/2017,H2-Db,Mouse,KAVANFATM,TRUE,P14,TRAV14D-1,TRBV13-3,42.5,13.7,1619.7,0.55,0
5M01,1.95,10/25/2017,H2-Db,Mouse,KAPANFATM,TRUE,P14,TRAV14D-1,TRBV13-3,42.6,13.6,1692.2,0.6,0
5M02,1.75,12/20/2017,H2-Db,Mouse,KAPFNFATM,TRUE,P14,TRAV14D-1,TRBV13-3,41.9,12.8,1683,0.65,0
5MZM,2.4,3/20/2018,H2-Db,,MCPRMTAVM,FALSE,,,,,,,,
5SWS,2.86,10/5/2016,H2-Db,Mouse,ASNENMETM,TRUE,NP2-B17,TRAV14-1,TRBV17,127.8,48.8,1890.8,0.63,0
5SWZ,2.65,10/5/2016,H2-Db,Mouse,ASNENMETM,TRUE,NP1-B17,TRAV14-1,TRBV17,127.8,49.6,1927.5,0.69,0
5TIL,2.83,11/1/2017,H2-Db,Mouse,KAPYNFATM,TRUE,P14,TRAV14D-1,TRBV13-3,44.9,13,1647.7,0.7,0
5TJE,3.2,11/1/2017,H2-Db,Mouse,KAVYNFATM,TRUE,P14,TRAV14D-1,TRBV13-3,44.4,13.2,1666.5,0.66,0
5WLG,2.1,11/15/2017,H2-Db,Mouse,SQLLNAKYL,TRUE,NB1,TRAV8-2,TRBV13-3,18.5,4.8,2143.2,0.69,0
5WLI,2.2,11/14/2017,H2-Db,,SQLLNAKYL,FALSE,,,,,,,,
6G9Q,1.89,4/24/2019,H2-Db,Mouse,KAPYDYAPI,TRUE,P14,TRAV14D-1,TRBV13-3,42,13.6,1603.6,0.57,0
6G9R,2.7,4/23/2019,H2-Db,,KAPYDYAPI,FALSE,,,,,,,,
6H6D,2.4,8/13/2019,H2-Db,,SGPSNTPPEI,FALSE,,,,,,,,
6H6H,2.4,8/13/2019,H2-Db,,SGPSNTPPEI,FALSE,,,,,,,,
6WZY,2020-09-16,1.5,H2-Db,,SGPDNGAVAV,TRUE,,,,,,,,
6X00,1.55,9/16/2020,H2-Db,,SGPDNGAVAVL,FALSE,,,,,,,,
7N4K,1.85,7/20/2022,H2-Db,Mouse,SSLENFRAYV,TRUE,6218,TRAV21/DV12,TRBV29,41.2,16,1663.6,0.71,0
7N5C,1.87,7/20/2022,H2-Db,Mouse,SSLCNFRAYV,TRUE,6218,TRAV21/DV12,TRBV29,43.4,18.2,1582.9,0.69,0
7N5P,2.09,7/20/2022,H2-Db,Mouse,SSLCNFRAYV,TRUE,6218,TRAV21/DV12,TRBV29,41.2,16.2,1647.3,0.68,0
7N5Q,1.76,7/20/2022,H2-Db,,SSLCNFRAYV,FALSE,,,,,,,,
7N9J,1.74,6/22/2022,H2-Db,,YGFRNVVHI,FALSE,,,,,,,,
7NA5,2.5,6/22/2022,H2-Db,Mouse,YGFRNVVHI,TRUE,47BE7,TRAV7-1,TRBV2,57.2,13.1,1506.3,0.7,0
7P0A,2.43,3/23/2022,H2-Db,,KAPYNFATM,FALSE,,,,,,,,
7P0T,2.6,3/23/2022,H2-Db,,KAVYNFATM,FALSE,,,,,,,,